,0
0,nation
1,bike_number
2,lap_number
3,lap_time
4,section_one_time
5,section_two_time
6,section_three_time
7,section_four_time
8,average speed
9,"['March 08, 2020', '2020', 'QNB', 'Moto2™', 'Race', 'Tetsuta', 'NAGASHIM', ' Red Bull KTM Ajo', 'JPN', '45', '1', ""2'06.155"", '31.196', '32.062', '29.272', '33.625', '187.5']"
10,"['March 08, 2020', '2020', 'QNB', 'Moto2™', 'Race', 'Tetsuta', 'NAGASHIM', ' Red Bull KTM Ajo', 'JPN', '45', '2', ""1'59.643"", '25.878', '31.163', '29.116', '33.486', '290.3']"
11,"['March 08, 2020', '2020', 'QNB', 'Moto2™', 'Race', 'Tetsuta', 'NAGASHIM', ' Red Bull KTM Ajo', 'JPN', '45', '3', ""1'59.510"", '26.114', '30.829', '29.059', '33.508', '288.0']"
12,"['March 08, 2020', '2020', 'QNB', 'Moto2™', 'Race', 'Tetsuta', 'NAGASHIM', ' Red Bull KTM Ajo', 'JPN', '45', '4', ""2'00.258"", '26.272', '31.032', '29.588', '33.366', '293.4']"
13,"['March 08, 2020', '2020', 'QNB', 'Moto2™', 'Race', 'Tetsuta', 'NAGASHIM', ' Red Bull KTM Ajo', 'JPN', '45', '5', ""1'59.657"", '26.043', '31.080', '29.007', '33.527', '289.5']"
14,"['March 08, 2020', '2020', 'QNB', 'Moto2™', 'Race', 'Tetsuta', 'NAGASHIM', ' Red Bull KTM Ajo', 'JPN', '45', '6', ""1'59.419"", '26.012', '30.984', '29.057', '33.366', '288.0']"
15,"['March 08, 2020', '2020', 'QNB', 'Moto2™', 'Race', 'Tetsuta', 'NAGASHIM', ' Red Bull KTM Ajo', 'JPN', '45', '7', ""1'59.285"", '25.824', '30.875', '29.090', '33.496', '288.0']"
16,"['March 08, 2020', '2020', 'QNB', 'Moto2™', 'Race', 'Tetsuta', 'NAGASHIM', ' Red Bull KTM Ajo', 'JPN', '45', '8', ""1'59.218"", '25.935', '30.944', '28.977', '33.362', '289.5']"
17,"['March 08, 2020', '2020', 'QNB', 'Moto2™', 'Race', 'Tetsuta', 'NAGASHIM', ' Red Bull KTM Ajo', 'JPN', '45', '9', ""1'59.554"", '26.029', '31.050', '29.157', '33.318', '291.1']"
18,"['March 08, 2020', '2020', 'QNB', 'Moto2™', 'Race', 'Tetsuta', 'NAGASHIM', ' Red Bull KTM Ajo', 'JPN', '45', '10', ""2'00.044"", '26.079', '31.245', '29.362', '33.358', '291.1']"
19,"['March 08, 2020', '2020', 'QNB', 'Moto2™', 'Race', 'Tetsuta', 'NAGASHIM', ' Red Bull KTM Ajo', 'JPN', '45', '11', ""1'59.909"", '26.127', '31.156', '29.104', '33.522', '291.1']"
20,"['March 08, 2020', '2020', 'QNB', 'Moto2™', 'Race', 'Tetsuta', 'NAGASHIM', ' Red Bull KTM Ajo', 'JPN', '45', '12', ""1'59.249"", '25.901', '30.952', '29.074', '33.322', '291.1']"
21,"['March 08, 2020', '2020', 'QNB', 'Moto2™', 'Race', 'Tetsuta', 'NAGASHIM', ' Red Bull KTM Ajo', 'JPN', '45', '13', ""1'59.640"", '26.197', '31.018', '29.055', '33.370', '292.6']"
22,"['March 08, 2020', '2020', 'QNB', 'Moto2™', 'Race', 'Tetsuta', 'NAGASHIM', ' Red Bull KTM Ajo', 'JPN', '45', '14', ""1'59.700"", '25.968', '30.849', '29.232', '33.651', '289.5']"
23,"['March 08, 2020', '2020', 'QNB', 'Moto2™', 'Race', 'Tetsuta', 'NAGASHIM', ' Red Bull KTM Ajo', 'JPN', '45', '15', ""2'00.485"", '26.035', '31.102', '29.612', '33.736', '289.5']"
24,"['March 08, 2020', '2020', 'QNB', 'Moto2™', 'Race', 'Tetsuta', 'NAGASHIM', ' Red Bull KTM Ajo', 'JPN', '45', '16', ""2'00.241"", '26.312', '31.075', '29.340', '33.514', '290.3']"
25,"['March 08, 2020', '2020', 'QNB', 'Moto2™', 'Race', 'Tetsuta', 'NAGASHIM', ' Red Bull KTM Ajo', 'JPN', '45', '17', ""1'59.976"", '26.199', '31.149', '29.226', '33.402', '288.0']"
26,"['March 08, 2020', '2020', 'QNB', 'Moto2™', 'Race', 'Tetsuta', 'NAGASHIM', ' Red Bull KTM Ajo', 'JPN', '45', '18', ""1'59.353"", '26.149', '30.760', '29.116', '33.328', '288.0']"
27,"['March 08, 2020', '2020', 'QNB', 'Moto2™', 'Race', 'Tetsuta', 'NAGASHIM', ' Red Bull KTM Ajo', 'JPN', '45', '19', ""1'59.290"", '26.020', '30.740', '29.119', '33.411', '284.9']"
28,"['March 08, 2020', '2020', 'QNB', 'Moto2™', 'Race', 'Tetsuta', 'NAGASHIM', ' Red Bull KTM Ajo', 'JPN', '45', '20', ""1'59.606"", '26.032', '30.902', '29.208', '33.464', '284.2']"
29,"['March 08, 2020', '2020', 'QNB', 'Moto2™', 'Race', 'Lorenzo', 'BALDA', ' Flexbox HP 40', 'ITA', '7', '1', ""2'04.665"", '30.479', '31.624', '29.141', '33.421', '181.8']"
30,"['March 08, 2020', '2020', 'QNB', 'Moto2™', 'Race', 'Lorenzo', 'BALDA', ' Flexbox HP 40', 'ITA', '7', '2', ""1'59.856"", '26.335', '30.938', '29.151', '33.432', '292.6']"
31,"['March 08, 2020', '2020', 'QNB', 'Moto2™', 'Race', 'Lorenzo', 'BALDA', ' Flexbox HP 40', 'ITA', '7', '3', ""1'59.904"", '26.205', '30.997', '29.158', '33.544', '291.1']"
32,"['March 08, 2020', '2020', 'QNB', 'Moto2™', 'Race', 'Lorenzo', 'BALDA', ' Flexbox HP 40', 'ITA', '7', '4', ""1'59.517"", '26.038', '30.957', '29.058', '33.464', '288.7']"
33,"['March 08, 2020', '2020', 'QNB', 'Moto2™', 'Race', 'Lorenzo', 'BALDA', ' Flexbox HP 40', 'ITA', '7', '5', ""2'00.056"", '26.079', '31.065', '29.459', '33.453', '290.3']"
34,"['March 08, 2020', '2020', 'QNB', 'Moto2™', 'Race', 'Lorenzo', 'BALDA', ' Flexbox HP 40', 'ITA', '7', '6', ""1'59.641"", '26.043', '30.910', '29.218', '33.470', '290.3']"
35,"['March 08, 2020', '2020', 'QNB', 'Moto2™', 'Race', 'Lorenzo', 'BALDA', ' Flexbox HP 40', 'ITA', '7', '7', ""1'59.309"", '25.966', '30.914', '29.035', '33.394', '288.7']"
36,"['March 08, 2020', '2020', 'QNB', 'Moto2™', 'Race', 'Lorenzo', 'BALDA', ' Flexbox HP 40', 'ITA', '7', '8', ""1'59.449"", '26.003', '30.821', '29.116', '33.509', '292.6']"
37,"['March 08, 2020', '2020', 'QNB', 'Moto2™', 'Race', 'Lorenzo', 'BALDA', ' Flexbox HP 40', 'ITA', '7', '9', ""1'59.746"", '25.949', '30.981', '29.245', '33.571*', '291.8']"
38,"['March 08, 2020', '2020', 'QNB', 'Moto2™', 'Race', 'Lorenzo', 'BALDA', ' Flexbox HP 40', 'ITA', '7', '10', ""1'59.938"", '26.403', '30.946', '29.169', '33.420', '281.9']"
39,"['March 08, 2020', '2020', 'QNB', 'Moto2™', 'Race', 'Lorenzo', 'BALDA', ' Flexbox HP 40', 'ITA', '7', '11', ""2'00.035"", '26.509', '31.054', '29.120', '33.352', '291.8']"
40,"['March 08, 2020', '2020', 'QNB', 'Moto2™', 'Race', 'Lorenzo', 'BALDA', ' Flexbox HP 40', 'ITA', '7', '12', ""1'59.599"", '26.049', '30.920', '29.164', '33.466', '291.1']"
41,"['March 08, 2020', '2020', 'QNB', 'Moto2™', 'Race', 'Lorenzo', 'BALDA', ' Flexbox HP 40', 'ITA', '7', '13', ""1'59.640"", '26.203', '30.872', '29.178', '33.387', '285.7']"
42,"['March 08, 2020', '2020', 'QNB', 'Moto2™', 'Race', 'Lorenzo', 'BALDA', ' Flexbox HP 40', 'ITA', '7', '14', ""1'59.655"", '25.939', '30.890', '29.314', '33.512', '287.2']"
43,"['March 08, 2020', '2020', 'QNB', 'Moto2™', 'Race', 'Lorenzo', 'BALDA', ' Flexbox HP 40', 'ITA', '7', '15', ""2'00.318"", '26.128', '31.150', '29.485', '33.555', '285.7']"
44,"['March 08, 2020', '2020', 'QNB', 'Moto2™', 'Race', 'Lorenzo', 'BALDA', ' Flexbox HP 40', 'ITA', '7', '16', ""2'00.139"", '26.122', '31.059', '29.394', '33.564', '289.5']"
45,"['March 08, 2020', '2020', 'QNB', 'Moto2™', 'Race', 'Lorenzo', 'BALDA', ' Flexbox HP 40', 'ITA', '7', '17', ""2'00.400"", '26.219', '31.041', '29.491', '33.649', '282.7']"
46,"['March 08, 2020', '2020', 'QNB', 'Moto2™', 'Race', 'Lorenzo', 'BALDA', ' Flexbox HP 40', 'ITA', '7', '18', ""2'00.315"", '26.291', '31.003', '29.421', '33.600', '283.4']"
47,"['March 08, 2020', '2020', 'QNB', 'Moto2™', 'Race', 'Lorenzo', 'BALDA', ' Flexbox HP 40', 'ITA', '7', '19', ""1'59.628"", '26.005', '30.788', '29.294', '33.541', '288.7']"
48,"['March 08, 2020', '2020', 'QNB', 'Moto2™', 'Race', 'Lorenzo', 'BALDA', ' Flexbox HP 40', 'ITA', '7', '20', ""1'59.729"", '26.036', '30.789', '29.301', '33.603', '284.9']"
49,"['March 08, 2020', '2020', 'QNB', 'Moto2™', 'Race', 'Enea', 'BASTIANINI', ' Italtrans Racing Team', 'ITA', '33', '1', ""2'03.709"", '29.840', '31.217', '29.165', '33.487', '177.6']"
50,"['March 08, 2020', '2020', 'QNB', 'Moto2™', 'Race', 'Enea', 'BASTIANINI', ' Italtrans Racing Team', 'ITA', '33', '2', ""2'00.237"", '26.431', '30.914', '29.289', '33.603', '281.2']"
51,"['March 08, 2020', '2020', 'QNB', 'Moto2™', 'Race', 'Enea', 'BASTIANINI', ' Italtrans Racing Team', 'ITA', '33', '3', ""2'00.058"", '26.382', '30.936', '29.156', '33.584', '286.4']"
52,"['March 08, 2020', '2020', 'QNB', 'Moto2™', 'Race', 'Enea', 'BASTIANINI', ' Italtrans Racing Team', 'ITA', '33', '4', ""1'59.761"", '26.299', '30.945', '29.005', '33.512', '288.0']"
53,"['March 08, 2020', '2020', 'QNB', 'Moto2™', 'Race', 'Enea', 'BASTIANINI', ' Italtrans Racing Team', 'ITA', '33', '5', ""2'00.073"", '26.170', '31.223', '29.205', '33.475', '287.2']"
54,"['March 08, 2020', '2020', 'QNB', 'Moto2™', 'Race', 'Enea', 'BASTIANINI', ' Italtrans Racing Team', 'ITA', '33', '6', ""1'59.494"", '26.065', '30.814', '29.040', '33.575', '286.4']"
55,"['March 08, 2020', '2020', 'QNB', 'Moto2™', 'Race', 'Enea', 'BASTIANINI', ' Italtrans Racing Team', 'ITA', '33', '7', ""1'59.528"", '26.111', '30.925', '29.005', '33.487', '285.7']"
56,"['March 08, 2020', '2020', 'QNB', 'Moto2™', 'Race', 'Enea', 'BASTIANINI', ' Italtrans Racing Team', 'ITA', '33', '8', ""1'59.497"", '26.185', '30.926', '29.030', '33.356', '287.2']"
57,"['March 08, 2020', '2020', 'QNB', 'Moto2™', 'Race', 'Enea', 'BASTIANINI', ' Italtrans Racing Team', 'ITA', '33', '9', ""1'59.862"", '26.151', '31.036', '29.144', '33.531', '288.0']"
58,"['March 08, 2020', '2020', 'QNB', 'Moto2™', 'Race', 'Enea', 'BASTIANINI', ' Italtrans Racing Team', 'ITA', '33', '10', ""2'00.176"", '26.360', '31.129', '29.127', '33.560', '288.7']"
59,"['March 08, 2020', '2020', 'QNB', 'Moto2™', 'Race', 'Enea', 'BASTIANINI', ' Italtrans Racing Team', 'ITA', '33', '11', ""1'59.605"", '26.075', '30.926', '29.124', '33.480', '288.0']"
60,"['March 08, 2020', '2020', 'QNB', 'Moto2™', 'Race', 'Enea', 'BASTIANINI', ' Italtrans Racing Team', 'ITA', '33', '12', ""1'59.810"", '25.969', '31.281', '29.106', '33.454', '285.7']"
61,"['March 08, 2020', '2020', 'QNB', 'Moto2™', 'Race', 'Enea', 'BASTIANINI', ' Italtrans Racing Team', 'ITA', '33', '13', ""1'59.899"", '26.193', '30.972', '29.126', '33.608', '289.5']"
62,"['March 08, 2020', '2020', 'QNB', 'Moto2™', 'Race', 'Enea', 'BASTIANINI', ' Italtrans Racing Team', 'ITA', '33', '14', ""1'59.702"", '26.179', '30.928', '29.060', '33.535', '290.3']"
63,"['March 08, 2020', '2020', 'QNB', 'Moto2™', 'Race', 'Enea', 'BASTIANINI', ' Italtrans Racing Team', 'ITA', '33', '15', ""2'00.086"", '26.150', '31.052', '29.273', '33.611', '291.1']"
64,"['March 08, 2020', '2020', 'QNB', 'Moto2™', 'Race', 'Enea', 'BASTIANINI', ' Italtrans Racing Team', 'ITA', '33', '16', ""2'00.201"", '26.244', '31.076', '29.217', '33.664', '289.5']"
65,"['March 08, 2020', '2020', 'QNB', 'Moto2™', 'Race', 'Enea', 'BASTIANINI', ' Italtrans Racing Team', 'ITA', '33', '17', ""2'00.165"", '26.206', '31.023', '29.371', '33.565', '284.9']"
66,"['March 08, 2020', '2020', 'QNB', 'Moto2™', 'Race', 'Enea', 'BASTIANINI', ' Italtrans Racing Team', 'ITA', '33', '18', ""2'00.264"", '26.413', '31.074', '29.097', '33.680', '282.7']"
67,"['March 08, 2020', '2020', 'QNB', 'Moto2™', 'Race', 'Enea', 'BASTIANINI', ' Italtrans Racing Team', 'ITA', '33', '19', ""1'59.837"", '26.174', '30.943', '29.097', '33.623', '285.7']"
68,"['March 08, 2020', '2020', 'QNB', 'Moto2™', 'Race', 'Enea', 'BASTIANINI', ' Italtrans Racing Team', 'ITA', '33', '20', ""1'59.656"", '26.034', '30.936', '29.149', '33.537', '288.7']"
69,"['March 08, 2020', '2020', 'QNB', 'Moto2™', 'Race', 'Joe', 'ROBERTS', ' American Racing', 'USA', '16', '1', ""2'04.058"", '29.951', '31.215', '29.510', '33.382', '169.8']"
70,"['March 08, 2020', '2020', 'QNB', 'Moto2™', 'Race', 'Joe', 'ROBERTS', ' American Racing', 'USA', '16', '2', ""2'00.081"", '26.176', '30.945', '29.436', '33.524', '295.0']"
71,"['March 08, 2020', '2020', 'QNB', 'Moto2™', 'Race', 'Joe', 'ROBERTS', ' American Racing', 'USA', '16', '3', ""1'59.922"", '26.307', '31.044', '29.077', '33.494', '286.4']"
72,"['March 08, 2020', '2020', 'QNB', 'Moto2™', 'Race', 'Joe', 'ROBERTS', ' American Racing', 'USA', '16', '4', ""1'59.573"", '26.097', '30.875', '29.070', '33.531', '291.8']"
73,"['March 08, 2020', '2020', 'QNB', 'Moto2™', 'Race', 'Joe', 'ROBERTS', ' American Racing', 'USA', '16', '5', ""1'59.334"", '26.102', '30.780', '29.054', '33.398', '291.1']"
74,"['March 08, 2020', '2020', 'QNB', 'Moto2™', 'Race', 'Joe', 'ROBERTS', ' American Racing', 'USA', '16', '6', ""1'59.581"", '26.165', '30.826', '29.155', '33.435', '288.7']"
75,"['March 08, 2020', '2020', 'QNB', 'Moto2™', 'Race', 'Joe', 'ROBERTS', ' American Racing', 'USA', '16', '7', ""1'59.738"", '26.264', '30.843', '29.180', '33.451', '288.0']"
76,"['March 08, 2020', '2020', 'QNB', 'Moto2™', 'Race', 'Joe', 'ROBERTS', ' American Racing', 'USA', '16', '8', ""1'59.598"", '26.148', '30.885', '29.069', '33.496', '286.4']"
77,"['March 08, 2020', '2020', 'QNB', 'Moto2™', 'Race', 'Joe', 'ROBERTS', ' American Racing', 'USA', '16', '9', ""1'59.737"", '26.180', '30.877', '29.258', '33.422', '287.2']"
78,"['March 08, 2020', '2020', 'QNB', 'Moto2™', 'Race', 'Joe', 'ROBERTS', ' American Racing', 'USA', '16', '10', ""1'59.722"", '26.077', '30.935', '29.229', '33.481', '286.4']"
79,"['March 08, 2020', '2020', 'QNB', 'Moto2™', 'Race', 'Joe', 'ROBERTS', ' American Racing', 'USA', '16', '11', ""2'00.310"", '26.451', '30.980', '29.303', '33.576', '287.2']"
80,"['March 08, 2020', '2020', 'QNB', 'Moto2™', 'Race', 'Joe', 'ROBERTS', ' American Racing', 'USA', '16', '12', ""1'59.649"", '26.019', '30.837', '29.220', '33.573', '287.2']"
81,"['March 08, 2020', '2020', 'QNB', 'Moto2™', 'Race', 'Joe', 'ROBERTS', ' American Racing', 'USA', '16', '13', ""1'59.746"", '26.059', '30.959', '29.164', '33.564', '287.2']"
82,"['March 08, 2020', '2020', 'QNB', 'Moto2™', 'Race', 'Joe', 'ROBERTS', ' American Racing', 'USA', '16', '14', ""1'59.950"", '26.075', '30.942', '29.283', '33.650', '288.0']"
83,"['March 08, 2020', '2020', 'QNB', 'Moto2™', 'Race', 'Joe', 'ROBERTS', ' American Racing', 'USA', '16', '15', ""2'00.294"", '26.080', '30.929', '29.387', '33.898', '285.7']"
84,"['March 08, 2020', '2020', 'QNB', 'Moto2™', 'Race', 'Joe', 'ROBERTS', ' American Racing', 'USA', '16', '16', ""2'00.433"", '26.112', '31.224', '29.550', '33.547', '291.1']"
85,"['March 08, 2020', '2020', 'QNB', 'Moto2™', 'Race', 'Joe', 'ROBERTS', ' American Racing', 'USA', '16', '17', ""2'00.504"", '26.366', '31.304', '29.305', '33.529', '288.7']"
86,"['March 08, 2020', '2020', 'QNB', 'Moto2™', 'Race', 'Joe', 'ROBERTS', ' American Racing', 'USA', '16', '18', ""2'00.090"", '26.215', '31.076', '29.225', '33.574', '289.5']"
87,"['March 08, 2020', '2020', 'QNB', 'Moto2™', 'Race', 'Joe', 'ROBERTS', ' American Racing', 'USA', '16', '19', ""2'00.032"", '26.196', '31.015', '29.190', '33.631', '295.0']"
88,"['March 08, 2020', '2020', 'QNB', 'Moto2™', 'Race', 'Joe', 'ROBERTS', ' American Racing', 'USA', '16', '20', ""1'59.399"", '26.022', '30.897', '29.071', '33.409', '290.3']"
89,"['March 08, 2020', '2020', 'QNB', 'Moto2™', 'Race', 'Remy', 'GARDNER', ' Onexox TKKR SAG T', 'AUS', '87', '1', ""2'04.630"", '30.325', '31.398', '29.322', '33.585', '175.6']"
90,"['March 08, 2020', '2020', 'QNB', 'Moto2™', 'Race', 'Remy', 'GARDNER', ' Onexox TKKR SAG T', 'AUS', '87', '2', ""1'59.828"", '26.263', '30.861', '29.189', '33.515', '293.4']"
91,"['March 08, 2020', '2020', 'QNB', 'Moto2™', 'Race', 'Remy', 'GARDNER', ' Onexox TKKR SAG T', 'AUS', '87', '3', ""2'00.691"", '26.356', '31.127', '29.152', '34.056*', '288.0']"
92,"['March 08, 2020', '2020', 'QNB', 'Moto2™', 'Race', 'Remy', 'GARDNER', ' Onexox TKKR SAG T', 'AUS', '87', '4', ""2'00.262"", '26.335', '31.213', '29.196', '33.518', '284.9']"
93,"['March 08, 2020', '2020', 'QNB', 'Moto2™', 'Race', 'Remy', 'GARDNER', ' Onexox TKKR SAG T', 'AUS', '87', '5', ""2'00.323"", '26.127', '31.399', '29.197', '33.600', '284.2']"
94,"['March 08, 2020', '2020', 'QNB', 'Moto2™', 'Race', 'Remy', 'GARDNER', ' Onexox TKKR SAG T', 'AUS', '87', '6', ""1'59.909"", '26.289', '31.099', '29.011', '33.510', '286.4']"
95,"['March 08, 2020', '2020', 'QNB', 'Moto2™', 'Race', 'Remy', 'GARDNER', ' Onexox TKKR SAG T', 'AUS', '87', '7', ""1'59.589"", '26.079', '30.919', '29.058', '33.533', '286.4']"
96,"['March 08, 2020', '2020', 'QNB', 'Moto2™', 'Race', 'Remy', 'GARDNER', ' Onexox TKKR SAG T', 'AUS', '87', '8', ""1'59.402"", '25.961', '31.047', '28.939', '33.455', '286.4']"
97,"['March 08, 2020', '2020', 'QNB', 'Moto2™', 'Race', 'Remy', 'GARDNER', ' Onexox TKKR SAG T', 'AUS', '87', '9', ""1'59.446"", '26.067', '30.961', '28.997', '33.421', '286.4']"
98,"['March 08, 2020', '2020', 'QNB', 'Moto2™', 'Race', 'Remy', 'GARDNER', ' Onexox TKKR SAG T', 'AUS', '87', '10', ""1'59.531"", '26.008', '30.971', '29.073', '33.479', '286.4']"
99,"['March 08, 2020', '2020', 'QNB', 'Moto2™', 'Race', 'Remy', 'GARDNER', ' Onexox TKKR SAG T', 'AUS', '87', '11', ""2'00.244"", '26.042', '31.102', '29.360', '33.740', '288.7']"
100,"['March 08, 2020', '2020', 'QNB', 'Moto2™', 'Race', 'Remy', 'GARDNER', ' Onexox TKKR SAG T', 'AUS', '87', '12', ""2'01.267"", '26.314', '32.329', '29.078', '33.546', '291.8']"
101,"['March 08, 2020', '2020', 'QNB', 'Moto2™', 'Race', 'Remy', 'GARDNER', ' Onexox TKKR SAG T', 'AUS', '87', '13', ""1'59.817"", '26.024', '30.973', '29.253', '33.567', '291.1']"
102,"['March 08, 2020', '2020', 'QNB', 'Moto2™', 'Race', 'Remy', 'GARDNER', ' Onexox TKKR SAG T', 'AUS', '87', '14', ""1'59.564"", '26.142', '30.945', '28.929', '33.548', '288.7']"
103,"['March 08, 2020', '2020', 'QNB', 'Moto2™', 'Race', 'Remy', 'GARDNER', ' Onexox TKKR SAG T', 'AUS', '87', '15', ""1'59.629"", '26.075', '30.945', '29.131', '33.478', '287.2']"
104,"['March 08, 2020', '2020', 'QNB', 'Moto2™', 'Race', 'Remy', 'GARDNER', ' Onexox TKKR SAG T', 'AUS', '87', '16', ""1'59.649"", '26.045', '30.906', '29.054', '33.644', '292.6']"
105,"['March 08, 2020', '2020', 'QNB', 'Moto2™', 'Race', 'Remy', 'GARDNER', ' Onexox TKKR SAG T', 'AUS', '87', '17', ""1'59.667"", '25.997', '31.144', '29.060', '33.466', '288.0']"
106,"['March 08, 2020', '2020', 'QNB', 'Moto2™', 'Race', 'Remy', 'GARDNER', ' Onexox TKKR SAG T', 'AUS', '87', '18', ""1'59.460"", '25.971', '31.065', '29.053', '33.371*', '284.9']"
107,"['March 08, 2020', '2020', 'QNB', 'Moto2™', 'Race', 'Remy', 'GARDNER', ' Onexox TKKR SAG T', 'AUS', '87', '19', ""1'59.705"", '26.025', '31.088', '29.050', '33.542', '288.7']"
108,"['March 08, 2020', '2020', 'QNB', 'Moto2™', 'Race', 'Remy', 'GARDNER', ' Onexox TKKR SAG T', 'AUS', '87', '20', ""1'59.480"", '25.906', '30.976', '28.983', '33.615', '292.6']"
109,"['March 08, 2020', '2020', 'QNB', 'Moto2™', 'Race', 'Jorge', 'NAVARRO', ' Beta Tools Speed Up', 'SPA', '9', '1', ""2'04.509"", '30.265', '31.275', '29.358', '33.611', '175.8']"
110,"['March 08, 2020', '2020', 'QNB', 'Moto2™', 'Race', 'Jorge', 'NAVARRO', ' Beta Tools Speed Up', 'SPA', '9', '2', ""2'00.698"", '26.723', '31.433', '29.057', '33.485', '284.9']"
111,"['March 08, 2020', '2020', 'QNB', 'Moto2™', 'Race', 'Jorge', 'NAVARRO', ' Beta Tools Speed Up', 'SPA', '9', '3', ""2'00.064"", '26.380', '30.892', '29.193', '33.599', '287.2']"
112,"['March 08, 2020', '2020', 'QNB', 'Moto2™', 'Race', 'Jorge', 'NAVARRO', ' Beta Tools Speed Up', 'SPA', '9', '4', ""2'00.179"", '26.523', '31.058', '29.225', '33.373', '290.3']"
113,"['March 08, 2020', '2020', 'QNB', 'Moto2™', 'Race', 'Jorge', 'NAVARRO', ' Beta Tools Speed Up', 'SPA', '9', '5', ""1'59.469"", '26.002', '30.782', '29.118', '33.567', '289.5']"
114,"['March 08, 2020', '2020', 'QNB', 'Moto2™', 'Race', 'Jorge', 'NAVARRO', ' Beta Tools Speed Up', 'SPA', '9', '6', ""2'00.123"", '26.257', '31.246', '29.227', '33.393', '284.9']"
115,"['March 08, 2020', '2020', 'QNB', 'Moto2™', 'Race', 'Jorge', 'NAVARRO', ' Beta Tools Speed Up', 'SPA', '9', '7', ""1'59.449"", '26.075', '30.804', '29.081', '33.489', '286.4']"
116,"['March 08, 2020', '2020', 'QNB', 'Moto2™', 'Race', 'Jorge', 'NAVARRO', ' Beta Tools Speed Up', 'SPA', '9', '8', ""1'59.573"", '26.136', '30.862', '29.102', '33.473', '285.7']"
117,"['March 08, 2020', '2020', 'QNB', 'Moto2™', 'Race', 'Jorge', 'NAVARRO', ' Beta Tools Speed Up', 'SPA', '9', '9', ""1'59.453"", '26.120', '30.772', '29.131', '33.430', '284.9']"
118,"['March 08, 2020', '2020', 'QNB', 'Moto2™', 'Race', 'Jorge', 'NAVARRO', ' Beta Tools Speed Up', 'SPA', '9', '10', ""1'59.760"", '26.128', '30.933', '29.256', '33.443', '286.4']"
119,"['March 08, 2020', '2020', 'QNB', 'Moto2™', 'Race', 'Jorge', 'NAVARRO', ' Beta Tools Speed Up', 'SPA', '9', '11', ""2'00.452"", '26.127', '31.195', '29.425', '33.705', '288.7']"
120,"['March 08, 2020', '2020', 'QNB', 'Moto2™', 'Race', 'Jorge', 'NAVARRO', ' Beta Tools Speed Up', 'SPA', '9', '12', ""1'59.423"", '26.160', '30.806', '29.066', '33.391', '289.5']"
121,"['March 08, 2020', '2020', 'QNB', 'Moto2™', 'Race', 'Jorge', 'NAVARRO', ' Beta Tools Speed Up', 'SPA', '9', '13', ""1'59.507"", '26.099', '30.751', '29.133', '33.524', '284.9']"
122,"['March 08, 2020', '2020', 'QNB', 'Moto2™', 'Race', 'Jorge', 'NAVARRO', ' Beta Tools Speed Up', 'SPA', '9', '14', ""1'59.400"", '26.000', '30.827', '29.143', '33.430*', '287.2']"
123,"['March 08, 2020', '2020', 'QNB', 'Moto2™', 'Race', 'Jorge', 'NAVARRO', ' Beta Tools Speed Up', 'SPA', '9', '15', ""1'59.635"", '25.987', '30.874', '29.211', '33.563', '287.2']"
124,"['March 08, 2020', '2020', 'QNB', 'Moto2™', 'Race', 'Jorge', 'NAVARRO', ' Beta Tools Speed Up', 'SPA', '9', '16', ""2'00.810"", '26.305', '31.600', '29.394', '33.511', '291.8']"
125,"['March 08, 2020', '2020', 'QNB', 'Moto2™', 'Race', 'Jorge', 'NAVARRO', ' Beta Tools Speed Up', 'SPA', '9', '17', ""2'00.020"", '26.207', '30.934', '29.280', '33.599', '285.7']"
126,"['March 08, 2020', '2020', 'QNB', 'Moto2™', 'Race', 'Jorge', 'NAVARRO', ' Beta Tools Speed Up', 'SPA', '9', '18', ""2'00.036"", '26.181', '31.050', '29.297', '33.508', '285.7']"
127,"['March 08, 2020', '2020', 'QNB', 'Moto2™', 'Race', 'Jorge', 'NAVARRO', ' Beta Tools Speed Up', 'SPA', '9', '19', ""1'59.996"", '26.211', '31.037', '29.155', '33.593', '288.0']"
128,"['March 08, 2020', '2020', 'QNB', 'Moto2™', 'Race', 'Jorge', 'NAVARRO', ' Beta Tools Speed Up', 'SPA', '9', '20', ""2'00.017"", '26.192', '30.968', '29.323', '33.534', '290.3']"
129,"['March 08, 2020', '2020', 'QNB', 'Moto2™', 'Race', 'Marcel', 'SCHROTTE', ' Liqui Moly Intact GP', 'GER', '23', '1', ""2'06.761"", '31.052', '32.113', '29.509', '34.087', '187.1']"
130,"['March 08, 2020', '2020', 'QNB', 'Moto2™', 'Race', 'Marcel', 'SCHROTTE', ' Liqui Moly Intact GP', 'GER', '23', '2', ""2'00.535"", '26.175', '31.363', '29.264', '33.733', '292.6']"
131,"['March 08, 2020', '2020', 'QNB', 'Moto2™', 'Race', 'Marcel', 'SCHROTTE', ' Liqui Moly Intact GP', 'GER', '23', '3', ""1'59.894"", '26.129', '30.990', '29.202', '33.573', '288.7']"
132,"['March 08, 2020', '2020', 'QNB', 'Moto2™', 'Race', 'Marcel', 'SCHROTTE', ' Liqui Moly Intact GP', 'GER', '23', '4', ""1'59.910"", '26.053', '31.090', '29.229', '33.538', '288.7']"
133,"['March 08, 2020', '2020', 'QNB', 'Moto2™', 'Race', 'Marcel', 'SCHROTTE', ' Liqui Moly Intact GP', 'GER', '23', '5', ""2'01.057"", '27.254', '31.092', '29.126', '33.585', '288.0']"
134,"['March 08, 2020', '2020', 'QNB', 'Moto2™', 'Race', 'Marcel', 'SCHROTTE', ' Liqui Moly Intact GP', 'GER', '23', '6', ""2'00.037"", '26.058', '31.140', '29.246', '33.593', '288.7']"
135,"['March 08, 2020', '2020', 'QNB', 'Moto2™', 'Race', 'Marcel', 'SCHROTTE', ' Liqui Moly Intact GP', 'GER', '23', '7', ""1'59.910"", '26.007', '31.162', '29.228', '33.513', '288.7']"
136,"['March 08, 2020', '2020', 'QNB', 'Moto2™', 'Race', 'Marcel', 'SCHROTTE', ' Liqui Moly Intact GP', 'GER', '23', '8', ""1'59.865"", '26.074', '31.036', '29.192', '33.563', '291.1']"
137,"['March 08, 2020', '2020', 'QNB', 'Moto2™', 'Race', 'Marcel', 'SCHROTTE', ' Liqui Moly Intact GP', 'GER', '23', '9', ""1'59.741"", '26.063', '30.930', '29.199', '33.549', '287.2']"
138,"['March 08, 2020', '2020', 'QNB', 'Moto2™', 'Race', 'Marcel', 'SCHROTTE', ' Liqui Moly Intact GP', 'GER', '23', '10', ""1'59.588"", '26.029', '30.918', '29.125', '33.516', '289.5']"
139,"['March 08, 2020', '2020', 'QNB', 'Moto2™', 'Race', 'Marcel', 'SCHROTTE', ' Liqui Moly Intact GP', 'GER', '23', '11', ""1'59.575"", '25.989', '30.957', '29.199', '33.430', '290.3']"
140,"['March 08, 2020', '2020', 'QNB', 'Moto2™', 'Race', 'Marcel', 'SCHROTTE', ' Liqui Moly Intact GP', 'GER', '23', '12', ""1'59.651"", '26.047', '30.962', '29.118', '33.524', '291.8']"
141,"['March 08, 2020', '2020', 'QNB', 'Moto2™', 'Race', 'Marcel', 'SCHROTTE', ' Liqui Moly Intact GP', 'GER', '23', '13', ""1'59.755"", '26.017', '30.999', '29.219', '33.520', '288.7']"
142,"['March 08, 2020', '2020', 'QNB', 'Moto2™', 'Race', 'Marcel', 'SCHROTTE', ' Liqui Moly Intact GP', 'GER', '23', '14', ""1'59.682"", '25.878', '31.043', '29.254', '33.507', '289.5']"
143,"['March 08, 2020', '2020', 'QNB', 'Moto2™', 'Race', 'Marcel', 'SCHROTTE', ' Liqui Moly Intact GP', 'GER', '23', '15', ""1'59.474"", '25.946', '30.864', '29.199', '33.465', '288.7']"
144,"['March 08, 2020', '2020', 'QNB', 'Moto2™', 'Race', 'Marcel', 'SCHROTTE', ' Liqui Moly Intact GP', 'GER', '23', '16', ""1'59.546"", '26.047', '30.849', '29.136', '33.514', '291.1']"
145,"['March 08, 2020', '2020', 'QNB', 'Moto2™', 'Race', 'Marcel', 'SCHROTTE', ' Liqui Moly Intact GP', 'GER', '23', '17', ""2'00.582"", '25.898', '31.151', '29.560', '33.973', '288.7']"
146,"['March 08, 2020', '2020', 'QNB', 'Moto2™', 'Race', 'Marcel', 'SCHROTTE', ' Liqui Moly Intact GP', 'GER', '23', '18', ""1'59.462"", '25.916', '30.775', '29.126', '33.645', '288.7']"
147,"['March 08, 2020', '2020', 'QNB', 'Moto2™', 'Race', 'Marcel', 'SCHROTTE', ' Liqui Moly Intact GP', 'GER', '23', '19', ""1'59.736"", '26.077', '31.110', '29.110', '33.439', '291.8']"
148,"['March 08, 2020', '2020', 'QNB', 'Moto2™', 'Race', 'Marcel', 'SCHROTTE', ' Liqui Moly Intact GP', 'GER', '23', '20', ""1'59.921"", '26.052', '31.089', '29.243', '33.537', '288.7']"
149,"['March 08, 2020', '2020', 'QNB', 'Moto2™', 'Race', 'Aron', 'CANET', ' Aspar Team', 'SPA', '44', '1', ""2'05.803"", '30.740', '32.143', '29.385', '33.535', '192.8']"
150,"['March 08, 2020', '2020', 'QNB', 'Moto2™', 'Race', 'Aron', 'CANET', ' Aspar Team', 'SPA', '44', '2', ""1'59.902"", '26.032', '31.218', '29.135', '33.517', '284.9']"
151,"['March 08, 2020', '2020', 'QNB', 'Moto2™', 'Race', 'Aron', 'CANET', ' Aspar Team', 'SPA', '44', '3', ""2'00.687"", '26.410', '31.174', '29.488', '33.615', '285.7']"
152,"['March 08, 2020', '2020', 'QNB', 'Moto2™', 'Race', 'Aron', 'CANET', ' Aspar Team', 'SPA', '44', '4', ""2'00.114"", '26.316', '31.140', '29.089', '33.569', '286.4']"
153,"['March 08, 2020', '2020', 'QNB', 'Moto2™', 'Race', 'Aron', 'CANET', ' Aspar Team', 'SPA', '44', '5', ""2'00.108"", '26.255', '31.007', '29.204', '33.642', '287.2']"
154,"['March 08, 2020', '2020', 'QNB', 'Moto2™', 'Race', 'Aron', 'CANET', ' Aspar Team', 'SPA', '44', '6', ""1'59.988"", '26.180', '31.025', '29.145', '33.638', '284.2']"
155,"['March 08, 2020', '2020', 'QNB', 'Moto2™', 'Race', 'Aron', 'CANET', ' Aspar Team', 'SPA', '44', '7', ""1'59.737"", '26.091', '30.829', '29.235', '33.582', '284.2']"
156,"['March 08, 2020', '2020', 'QNB', 'Moto2™', 'Race', 'Aron', 'CANET', ' Aspar Team', 'SPA', '44', '8', ""1'59.884"", '26.199', '30.810', '29.212', '33.663', '284.2']"
157,"['March 08, 2020', '2020', 'QNB', 'Moto2™', 'Race', 'Aron', 'CANET', ' Aspar Team', 'SPA', '44', '9', ""1'59.540"", '26.042', '30.773', '29.159', '33.566', '284.2']"
158,"['March 08, 2020', '2020', 'QNB', 'Moto2™', 'Race', 'Aron', 'CANET', ' Aspar Team', 'SPA', '44', '10', ""1'59.578"", '26.003', '30.859', '29.173', '33.543', '284.9']"
159,"['March 08, 2020', '2020', 'QNB', 'Moto2™', 'Race', 'Aron', 'CANET', ' Aspar Team', 'SPA', '44', '11', ""1'59.710"", '26.053', '30.954', '29.188', '33.515', '284.9']"
160,"['March 08, 2020', '2020', 'QNB', 'Moto2™', 'Race', 'Aron', 'CANET', ' Aspar Team', 'SPA', '44', '12', ""1'59.896"", '26.027', '30.980', '29.258', '33.631', '286.4']"
161,"['March 08, 2020', '2020', 'QNB', 'Moto2™', 'Race', 'Aron', 'CANET', ' Aspar Team', 'SPA', '44', '13', ""1'59.814"", '26.017', '30.825', '29.466', '33.506', '291.1']"
162,"['March 08, 2020', '2020', 'QNB', 'Moto2™', 'Race', 'Aron', 'CANET', ' Aspar Team', 'SPA', '44', '14', ""1'59.459"", '26.047', '30.779', '29.186', '33.447', '284.9']"
163,"['March 08, 2020', '2020', 'QNB', 'Moto2™', 'Race', 'Aron', 'CANET', ' Aspar Team', 'SPA', '44', '15', ""1'59.808"", '26.034', '30.774', '29.347', '33.653', '285.7']"
164,"['March 08, 2020', '2020', 'QNB', 'Moto2™', 'Race', 'Aron', 'CANET', ' Aspar Team', 'SPA', '44', '16', ""2'00.301"", '26.322', '31.006', '29.355', '33.618', '284.9']"
165,"['March 08, 2020', '2020', 'QNB', 'Moto2™', 'Race', 'Aron', 'CANET', ' Aspar Team', 'SPA', '44', '17', ""2'00.258"", '26.169', '31.196', '29.385', '33.508', '288.7']"
166,"['March 08, 2020', '2020', 'QNB', 'Moto2™', 'Race', 'Aron', 'CANET', ' Aspar Team', 'SPA', '44', '18', ""2'00.043"", '26.155', '30.911', '29.341', '33.636', '284.9']"
167,"['March 08, 2020', '2020', 'QNB', 'Moto2™', 'Race', 'Aron', 'CANET', ' Aspar Team', 'SPA', '44', '19', ""1'59.964"", '26.122', '30.948', '29.207', '33.687', '284.2']"
168,"['March 08, 2020', '2020', 'QNB', 'Moto2™', 'Race', 'Aron', 'CANET', ' Aspar Team', 'SPA', '44', '20', ""2'00.301"", '26.137', '31.004', '29.546', '33.614', '284.2']"
169,"['March 08, 2020', '2020', 'QNB', 'Moto2™', 'Race', 'Xavi', 'VIERGE', ' Petronas Sprinta Raci', 'SPA', '97', '1', ""2'04.847"", '30.423', '31.834', '29.155', '33.435', '182.1']"
170,"['March 08, 2020', '2020', 'QNB', 'Moto2™', 'Race', 'Xavi', 'VIERGE', ' Petronas Sprinta Raci', 'SPA', '97', '2', ""1'59.983"", '26.443', '30.944', '29.212', '33.384', '293.4']"
171,"['March 08, 2020', '2020', 'QNB', 'Moto2™', 'Race', 'Xavi', 'VIERGE', ' Petronas Sprinta Raci', 'SPA', '97', '3', ""2'00.008"", '26.085', '31.182', '29.202', '33.539', '290.3']"
172,"['March 08, 2020', '2020', 'QNB', 'Moto2™', 'Race', 'Xavi', 'VIERGE', ' Petronas Sprinta Raci', 'SPA', '97', '4', ""1'59.403"", '25.935', '30.925', '29.152', '33.391', '288.0']"
173,"['March 08, 2020', '2020', 'QNB', 'Moto2™', 'Race', 'Xavi', 'VIERGE', ' Petronas Sprinta Raci', 'SPA', '97', '5', ""1'59.805"", '26.034', '31.032', '29.356', '33.383', '290.3']"
174,"['March 08, 2020', '2020', 'QNB', 'Moto2™', 'Race', 'Xavi', 'VIERGE', ' Petronas Sprinta Raci', 'SPA', '97', '6', ""1'59.763"", '26.128', '31.004', '29.227', '33.404', '290.3']"
175,"['March 08, 2020', '2020', 'QNB', 'Moto2™', 'Race', 'Xavi', 'VIERGE', ' Petronas Sprinta Raci', 'SPA', '97', '7', ""1'59.501"", '25.999', '30.938', '29.084', '33.480', '291.1']"
176,"['March 08, 2020', '2020', 'QNB', 'Moto2™', 'Race', 'Xavi', 'VIERGE', ' Petronas Sprinta Raci', 'SPA', '97', '8', ""1'59.564"", '25.922', '31.070', '29.157', '33.415', '289.5']"
177,"['March 08, 2020', '2020', 'QNB', 'Moto2™', 'Race', 'Xavi', 'VIERGE', ' Petronas Sprinta Raci', 'SPA', '97', '9', ""1'59.653"", '26.004', '30.935', '29.236', '33.478', '288.7']"
178,"['March 08, 2020', '2020', 'QNB', 'Moto2™', 'Race', 'Xavi', 'VIERGE', ' Petronas Sprinta Raci', 'SPA', '97', '10', ""2'00.070"", '26.115', '31.218', '29.420', '33.317', '291.1']"
179,"['March 08, 2020', '2020', 'QNB', 'Moto2™', 'Race', 'Xavi', 'VIERGE', ' Petronas Sprinta Raci', 'SPA', '97', '11', ""1'59.919"", '26.052', '31.174', '29.222', '33.471', '291.8']"
180,"['March 08, 2020', '2020', 'QNB', 'Moto2™', 'Race', 'Xavi', 'VIERGE', ' Petronas Sprinta Raci', 'SPA', '97', '12', ""1'59.704"", '26.116', '31.031', '29.192', '33.365', '290.3']"
181,"['March 08, 2020', '2020', 'QNB', 'Moto2™', 'Race', 'Xavi', 'VIERGE', ' Petronas Sprinta Raci', 'SPA', '97', '13', ""2'00.081"", '26.038', '31.240', '29.329', '33.474', '291.8']"
182,"['March 08, 2020', '2020', 'QNB', 'Moto2™', 'Race', 'Xavi', 'VIERGE', ' Petronas Sprinta Raci', 'SPA', '97', '14', ""2'00.429"", '26.068', '31.451', '29.387', '33.523', '288.7']"
183,"['March 08, 2020', '2020', 'QNB', 'Moto2™', 'Race', 'Xavi', 'VIERGE', ' Petronas Sprinta Raci', 'SPA', '97', '15', ""2'00.207"", '25.988', '31.218', '29.404', '33.597', '289.5']"
184,"['March 08, 2020', '2020', 'QNB', 'Moto2™', 'Race', 'Xavi', 'VIERGE', ' Petronas Sprinta Raci', 'SPA', '97', '16', ""2'00.507"", '26.227', '31.202', '29.405', '33.673', '289.5']"
185,"['March 08, 2020', '2020', 'QNB', 'Moto2™', 'Race', 'Xavi', 'VIERGE', ' Petronas Sprinta Raci', 'SPA', '97', '17', ""2'00.658"", '26.224', '31.478', '29.327', '33.629', '291.1']"
186,"['March 08, 2020', '2020', 'QNB', 'Moto2™', 'Race', 'Xavi', 'VIERGE', ' Petronas Sprinta Raci', 'SPA', '97', '18', ""2'00.771"", '26.118', '31.195', '29.503', '33.955', '288.7']"
187,"['March 08, 2020', '2020', 'QNB', 'Moto2™', 'Race', 'Xavi', 'VIERGE', ' Petronas Sprinta Raci', 'SPA', '97', '19', ""2'01.015"", '26.164', '31.599', '29.492', '33.760', '290.3']"
188,"['March 08, 2020', '2020', 'QNB', 'Moto2™', 'Race', 'Xavi', 'VIERGE', ' Petronas Sprinta Raci', 'SPA', '97', '20', ""2'01.422"", '26.363', '31.351', '29.750', '33.958', '288.7']"
189,"['March 08, 2020', '2020', 'QNB', 'Moto2™', 'Race', 'Thomas', 'LUTHI', ' Liqui Moly Intact GP', 'SWI', '12', '1', ""2'06.245"", '30.896', '32.106', '29.433', '33.810', '192.8']"
190,"['March 08, 2020', '2020', 'QNB', 'Moto2™', 'Race', 'Thomas', 'LUTHI', ' Liqui Moly Intact GP', 'SWI', '12', '2', ""2'00.135"", '26.114', '31.200', '29.261', '33.560', '293.4']"
191,"['March 08, 2020', '2020', 'QNB', 'Moto2™', 'Race', 'Thomas', 'LUTHI', ' Liqui Moly Intact GP', 'SWI', '12', '3', ""2'00.041"", '26.023', '31.053', '29.486', '33.479', '290.3']"
192,"['March 08, 2020', '2020', 'QNB', 'Moto2™', 'Race', 'Thomas', 'LUTHI', ' Liqui Moly Intact GP', 'SWI', '12', '4', ""1'59.824"", '26.171', '30.939', '29.141', '33.573', '289.5']"
193,"['March 08, 2020', '2020', 'QNB', 'Moto2™', 'Race', 'Thomas', 'LUTHI', ' Liqui Moly Intact GP', 'SWI', '12', '5', ""2'01.548"", '26.053', '32.538', '29.251', '33.706', '288.0']"
194,"['March 08, 2020', '2020', 'QNB', 'Moto2™', 'Race', 'Thomas', 'LUTHI', ' Liqui Moly Intact GP', 'SWI', '12', '6', ""2'00.055"", '26.009', '31.021', '29.148', '33.877', '288.0']"
195,"['March 08, 2020', '2020', 'QNB', 'Moto2™', 'Race', 'Thomas', 'LUTHI', ' Liqui Moly Intact GP', 'SWI', '12', '7', ""2'00.057"", '26.103', '31.273', '29.226', '33.455', '287.2']"
196,"['March 08, 2020', '2020', 'QNB', 'Moto2™', 'Race', 'Thomas', 'LUTHI', ' Liqui Moly Intact GP', 'SWI', '12', '8', ""1'59.619"", '26.026', '30.847', '29.203', '33.543', '291.1']"
197,"['March 08, 2020', '2020', 'QNB', 'Moto2™', 'Race', 'Thomas', 'LUTHI', ' Liqui Moly Intact GP', 'SWI', '12', '9', ""1'59.944"", '25.981', '30.952', '29.320', '33.691', '288.7']"
198,"['March 08, 2020', '2020', 'QNB', 'Moto2™', 'Race', 'Thomas', 'LUTHI', ' Liqui Moly Intact GP', 'SWI', '12', '10', ""1'59.642"", '26.110', '30.825', '29.199', '33.508', '288.7']"
199,"['March 08, 2020', '2020', 'QNB', 'Moto2™', 'Race', 'Thomas', 'LUTHI', ' Liqui Moly Intact GP', 'SWI', '12', '11', ""1'59.564"", '26.019', '30.949', '29.269', '33.327', '289.5']"
200,"['March 08, 2020', '2020', 'QNB', 'Moto2™', 'Race', 'Thomas', 'LUTHI', ' Liqui Moly Intact GP', 'SWI', '12', '12', ""1'59.644"", '26.090', '30.886', '29.214', '33.454', '288.7']"
201,"['March 08, 2020', '2020', 'QNB', 'Moto2™', 'Race', 'Thomas', 'LUTHI', ' Liqui Moly Intact GP', 'SWI', '12', '13', ""1'59.533"", '25.984', '30.905', '29.244', '33.400', '288.7']"
202,"['March 08, 2020', '2020', 'QNB', 'Moto2™', 'Race', 'Thomas', 'LUTHI', ' Liqui Moly Intact GP', 'SWI', '12', '14', ""1'59.648"", '25.916', '30.859', '29.169', '33.704', '290.3']"
203,"['March 08, 2020', '2020', 'QNB', 'Moto2™', 'Race', 'Thomas', 'LUTHI', ' Liqui Moly Intact GP', 'SWI', '12', '15', ""1'59.879"", '26.059', '31.051', '29.246', '33.523', '288.0']"
204,"['March 08, 2020', '2020', 'QNB', 'Moto2™', 'Race', 'Thomas', 'LUTHI', ' Liqui Moly Intact GP', 'SWI', '12', '16', ""2'00.473"", '26.286', '31.041', '29.405', '33.741', '288.7']"
205,"['March 08, 2020', '2020', 'QNB', 'Moto2™', 'Race', 'Thomas', 'LUTHI', ' Liqui Moly Intact GP', 'SWI', '12', '17', ""2'00.450"", '26.143', '31.092', '29.534', '33.681', '288.7']"
206,"['March 08, 2020', '2020', 'QNB', 'Moto2™', 'Race', 'Thomas', 'LUTHI', ' Liqui Moly Intact GP', 'SWI', '12', '18', ""2'01.627"", '26.066', '31.500', '29.669', '34.392', '289.5']"
207,"['March 08, 2020', '2020', 'QNB', 'Moto2™', 'Race', 'Thomas', 'LUTHI', ' Liqui Moly Intact GP', 'SWI', '12', '19', ""2'00.902"", '26.330', '31.546', '29.344', '33.682', '289.5']"
208,"['March 08, 2020', '2020', 'QNB', 'Moto2™', 'Race', 'Thomas', 'LUTHI', ' Liqui Moly Intact GP', 'SWI', '12', '20', ""2'00.266"", '26.152', '31.009', '29.434', '33.671', '286.4']"
209,"['March 08, 2020', '2020', 'QNB', 'Moto2™', 'Race', 'Bo', 'BENDSNEYDER', ' NTS RW Racing GP', 'NED', '64', '1', ""2'05.798"", '30.690', '32.058', '29.328', '33.722', '174.7']"
210,"['March 08, 2020', '2020', 'QNB', 'Moto2™', 'Race', 'Bo', 'BENDSNEYDER', ' NTS RW Racing GP', 'NED', '64', '2', ""2'00.560"", '26.157', '31.414', '29.360', '33.629', '285.7']"
211,"['March 08, 2020', '2020', 'QNB', 'Moto2™', 'Race', 'Bo', 'BENDSNEYDER', ' NTS RW Racing GP', 'NED', '64', '3', ""2'00.314"", '26.269', '31.087', '29.460', '33.498', '286.4']"
212,"['March 08, 2020', '2020', 'QNB', 'Moto2™', 'Race', 'Bo', 'BENDSNEYDER', ' NTS RW Racing GP', 'NED', '64', '4', ""2'00.422"", '26.130', '31.232', '29.272', '33.788', '287.2']"
213,"['March 08, 2020', '2020', 'QNB', 'Moto2™', 'Race', 'Bo', 'BENDSNEYDER', ' NTS RW Racing GP', 'NED', '64', '5', ""2'00.119"", '26.230', '30.983', '29.235', '33.671', '284.9']"
214,"['March 08, 2020', '2020', 'QNB', 'Moto2™', 'Race', 'Bo', 'BENDSNEYDER', ' NTS RW Racing GP', 'NED', '64', '6', ""2'00.087"", '26.096', '31.038', '29.286', '33.667', '284.2']"
215,"['March 08, 2020', '2020', 'QNB', 'Moto2™', 'Race', 'Bo', 'BENDSNEYDER', ' NTS RW Racing GP', 'NED', '64', '7', ""1'59.886"", '26.079', '30.940', '29.291', '33.576', '284.2']"
216,"['March 08, 2020', '2020', 'QNB', 'Moto2™', 'Race', 'Bo', 'BENDSNEYDER', ' NTS RW Racing GP', 'NED', '64', '8', ""1'59.977"", '26.088', '30.916', '29.384', '33.589', '284.2']"
217,"['March 08, 2020', '2020', 'QNB', 'Moto2™', 'Race', 'Bo', 'BENDSNEYDER', ' NTS RW Racing GP', 'NED', '64', '9', ""1'59.902"", '26.097', '30.939', '29.246', '33.620', '283.4']"
218,"['March 08, 2020', '2020', 'QNB', 'Moto2™', 'Race', 'Bo', 'BENDSNEYDER', ' NTS RW Racing GP', 'NED', '64', '10', ""1'59.852"", '26.120', '30.922', '29.257', '33.553', '282.7']"
219,"['March 08, 2020', '2020', 'QNB', 'Moto2™', 'Race', 'Bo', 'BENDSNEYDER', ' NTS RW Racing GP', 'NED', '64', '11', ""1'59.737"", '26.039', '30.951', '29.216', '33.531', '284.2']"
220,"['March 08, 2020', '2020', 'QNB', 'Moto2™', 'Race', 'Bo', 'BENDSNEYDER', ' NTS RW Racing GP', 'NED', '64', '12', ""2'00.500"", '26.212', '31.296', '29.321', '33.671', '284.9']"
221,"['March 08, 2020', '2020', 'QNB', 'Moto2™', 'Race', 'Bo', 'BENDSNEYDER', ' NTS RW Racing GP', 'NED', '64', '13', ""2'00.062"", '26.098', '31.033', '29.336', '33.595', '286.4']"
222,"['March 08, 2020', '2020', 'QNB', 'Moto2™', 'Race', 'Bo', 'BENDSNEYDER', ' NTS RW Racing GP', 'NED', '64', '14', ""2'00.128"", '26.060', '31.034', '29.442', '33.592', '285.7']"
223,"['March 08, 2020', '2020', 'QNB', 'Moto2™', 'Race', 'Bo', 'BENDSNEYDER', ' NTS RW Racing GP', 'NED', '64', '15', ""1'59.934"", '26.082', '30.934', '29.334', '33.584', '284.9']"
224,"['March 08, 2020', '2020', 'QNB', 'Moto2™', 'Race', 'Bo', 'BENDSNEYDER', ' NTS RW Racing GP', 'NED', '64', '16', ""1'59.785"", '26.063', '30.895', '29.255', '33.572', '283.4']"
225,"['March 08, 2020', '2020', 'QNB', 'Moto2™', 'Race', 'Bo', 'BENDSNEYDER', ' NTS RW Racing GP', 'NED', '64', '17', ""1'59.950"", '26.025', '30.922', '29.394', '33.609', '284.9']"
226,"['March 08, 2020', '2020', 'QNB', 'Moto2™', 'Race', 'Bo', 'BENDSNEYDER', ' NTS RW Racing GP', 'NED', '64', '18', ""2'01.006"", '26.096', '31.095', '29.625', '34.190', '286.4']"
227,"['March 08, 2020', '2020', 'QNB', 'Moto2™', 'Race', 'Bo', 'BENDSNEYDER', ' NTS RW Racing GP', 'NED', '64', '19', ""2'01.667"", '26.514', '31.759', '29.623', '33.771', '290.3']"
228,"['March 08, 2020', '2020', 'QNB', 'Moto2™', 'Race', 'Bo', 'BENDSNEYDER', ' NTS RW Racing GP', 'NED', '64', '20', ""2'00.236"", '26.156', '30.998', '29.379', '33.703', '284.2']"
229,"['March 08, 2020', '2020', 'QNB', 'Moto2™', 'Race', 'Marco', 'BEZZECCHI', ' SKY Racing Team VR', 'ITA', '72', '1', ""2'05.197"", '30.815', '31.841', '29.102', '33.439', '178.2']"
230,"['March 08, 2020', '2020', 'QNB', 'Moto2™', 'Race', 'Marco', 'BEZZECCHI', ' SKY Racing Team VR', 'ITA', '72', '2', ""2'00.041"", '26.168', '31.459', '29.053', '33.361', '291.8']"
231,"['March 08, 2020', '2020', 'QNB', 'Moto2™', 'Race', 'Marco', 'BEZZECCHI', ' SKY Racing Team VR', 'ITA', '72', '3', ""1'59.683"", '25.987', '31.025', '29.221', '33.450', '291.1']"
232,"['March 08, 2020', '2020', 'QNB', 'Moto2™', 'Race', 'Marco', 'BEZZECCHI', ' SKY Racing Team VR', 'ITA', '72', '4', ""1'59.414"", '26.048', '30.922', '29.070', '33.374', '288.7']"
233,"['March 08, 2020', '2020', 'QNB', 'Moto2™', 'Race', 'Marco', 'BEZZECCHI', ' SKY Racing Team VR', 'ITA', '72', '5', ""1'59.828"", '26.073', '31.090', '29.274', '33.391', '294.2']"
234,"['March 08, 2020', '2020', 'QNB', 'Moto2™', 'Race', 'Marco', 'BEZZECCHI', ' SKY Racing Team VR', 'ITA', '72', '6', ""1'59.858"", '26.186', '31.014', '29.249', '33.409', '291.8']"
235,"['March 08, 2020', '2020', 'QNB', 'Moto2™', 'Race', 'Marco', 'BEZZECCHI', ' SKY Racing Team VR', 'ITA', '72', '7', ""1'59.631"", '26.072', '30.970', '29.134', '33.455', '291.8']"
236,"['March 08, 2020', '2020', 'QNB', 'Moto2™', 'Race', 'Marco', 'BEZZECCHI', ' SKY Racing Team VR', 'ITA', '72', '8', ""1'59.343"", '26.027', '30.884', '29.045', '33.387', '289.5']"
237,"['March 08, 2020', '2020', 'QNB', 'Moto2™', 'Race', 'Marco', 'BEZZECCHI', ' SKY Racing Team VR', 'ITA', '72', '9', ""2'00.098"", '26.062', '30.975', '29.518', '33.543', '292.6']"
238,"['March 08, 2020', '2020', 'QNB', 'Moto2™', 'Race', 'Marco', 'BEZZECCHI', ' SKY Racing Team VR', 'ITA', '72', '10', ""1'59.956"", '26.119', '31.088', '29.285', '33.464', '291.1']"
239,"['March 08, 2020', '2020', 'QNB', 'Moto2™', 'Race', 'Marco', 'BEZZECCHI', ' SKY Racing Team VR', 'ITA', '72', '11', ""2'00.622"", '26.085', '31.310', '29.440', '33.787', '292.6']"
240,"['March 08, 2020', '2020', 'QNB', 'Moto2™', 'Race', 'Marco', 'BEZZECCHI', ' SKY Racing Team VR', 'ITA', '72', '12', ""1'59.911"", '26.398', '30.940', '29.099', '33.474', '286.4']"
241,"['March 08, 2020', '2020', 'QNB', 'Moto2™', 'Race', 'Marco', 'BEZZECCHI', ' SKY Racing Team VR', 'ITA', '72', '13', ""1'59.583"", '25.952', '30.937', '29.202', '33.492', '290.3']"
242,"['March 08, 2020', '2020', 'QNB', 'Moto2™', 'Race', 'Marco', 'BEZZECCHI', ' SKY Racing Team VR', 'ITA', '72', '14', ""1'59.839"", '26.078', '31.028', '29.242', '33.491', '291.1']"
243,"['March 08, 2020', '2020', 'QNB', 'Moto2™', 'Race', 'Marco', 'BEZZECCHI', ' SKY Racing Team VR', 'ITA', '72', '15', ""1'59.966"", '26.089', '31.052', '29.353', '33.472', '291.8']"
244,"['March 08, 2020', '2020', 'QNB', 'Moto2™', 'Race', 'Marco', 'BEZZECCHI', ' SKY Racing Team VR', 'ITA', '72', '16', ""2'01.087"", '26.315', '31.371', '29.406', '33.995', '291.8']"
245,"['March 08, 2020', '2020', 'QNB', 'Moto2™', 'Race', 'Marco', 'BEZZECCHI', ' SKY Racing Team VR', 'ITA', '72', '17', ""2'01.709"", '26.309', '31.565', '29.934', '33.901', '291.8']"
246,"['March 08, 2020', '2020', 'QNB', 'Moto2™', 'Race', 'Marco', 'BEZZECCHI', ' SKY Racing Team VR', 'ITA', '72', '18', ""2'01.950"", '26.247', '31.766', '29.897', '34.040', '290.3']"
247,"['March 08, 2020', '2020', 'QNB', 'Moto2™', 'Race', 'Marco', 'BEZZECCHI', ' SKY Racing Team VR', 'ITA', '72', '19', ""2'02.455"", '26.633', '32.266', '29.694', '33.862', '290.3']"
248,"['March 08, 2020', '2020', 'QNB', 'Moto2™', 'Race', 'Marco', 'BEZZECCHI', ' SKY Racing Team VR', 'ITA', '72', '20', ""2'01.431"", '26.399', '31.709', '29.655', '33.668', '291.1']"
249,"['March 08, 2020', '2020', 'QNB', 'Moto2™', 'Race', 'Marco', 'BEZZECCHI', ' SKY Racing Team VR', 'ITA', '72', '13th', '21']"
250,"['March 08, 2020', '2020', 'QNB', 'Moto2™', 'Race', 'Fabio', 'DI', ' GIANNANT Beta Tools Speed Up', 'ITA', '0', '2', ""2'00.583"", '26.373', '31.139', '29.306', '33.765', '288.0']"
251,"['March 08, 2020', '2020', 'QNB', 'Moto2™', 'Race', 'Fabio', 'DI', ' GIANNANT Beta Tools Speed Up', 'ITA', '0', '3', ""2'00.141"", '26.303', '31.108', '29.153', '33.577', '284.9']"
252,"['March 08, 2020', '2020', 'QNB', 'Moto2™', 'Race', 'Fabio', 'DI', ' GIANNANT Beta Tools Speed Up', 'ITA', '0', '4', ""1'59.969"", '26.040', '31.023', '29.308', '33.598', '289.5']"
253,"['March 08, 2020', '2020', 'QNB', 'Moto2™', 'Race', 'Fabio', 'DI', ' GIANNANT Beta Tools Speed Up', 'ITA', '0', '5', ""2'00.531"", '26.852', '30.962', '29.201', '33.516', '290.3']"
254,"['March 08, 2020', '2020', 'QNB', 'Moto2™', 'Race', 'Fabio', 'DI', ' GIANNANT Beta Tools Speed Up', 'ITA', '0', '6', ""1'59.950"", '26.030', '31.054', '29.132', '33.734', '290.3']"
255,"['March 08, 2020', '2020', 'QNB', 'Moto2™', 'Race', 'Fabio', 'DI', ' GIANNANT Beta Tools Speed Up', 'ITA', '0', '7', ""2'00.004"", '26.231', '30.940', '29.221', '33.612', '284.2']"
256,"['March 08, 2020', '2020', 'QNB', 'Moto2™', 'Race', 'Fabio', 'DI', ' GIANNANT Beta Tools Speed Up', 'ITA', '0', '8', ""2'00.626"", '26.214', '31.391', '29.133', '33.888', '284.9']"
257,"['March 08, 2020', '2020', 'QNB', 'Moto2™', 'Race', 'Fabio', 'DI', ' GIANNANT Beta Tools Speed Up', 'ITA', '0', '9', ""2'00.022"", '26.074', '30.990', '29.326', '33.632', '286.4']"
258,"['March 08, 2020', '2020', 'QNB', 'Moto2™', 'Race', 'Fabio', 'DI', ' GIANNANT Beta Tools Speed Up', 'ITA', '0', '10', ""2'00.165"", '26.147', '31.021', '29.284', '33.713', '285.7']"
259,"['March 08, 2020', '2020', 'QNB', 'Moto2™', 'Race', 'Fabio', 'DI', ' GIANNANT Beta Tools Speed Up', 'ITA', '0', '11', ""2'00.255"", '26.104', '31.027', '29.369', '33.755', '284.9']"
260,"['March 08, 2020', '2020', 'QNB', 'Moto2™', 'Race', 'Fabio', 'DI', ' GIANNANT Beta Tools Speed Up', 'ITA', '0', '12', ""1'59.955"", '26.022', '30.978', '29.317', '33.638', '284.2']"
261,"['March 08, 2020', '2020', 'QNB', 'Moto2™', 'Race', 'Fabio', 'DI', ' GIANNANT Beta Tools Speed Up', 'ITA', '0', '13', ""1'59.935"", '26.024', '30.891', '29.363', '33.657', '284.9']"
262,"['March 08, 2020', '2020', 'QNB', 'Moto2™', 'Race', 'Fabio', 'DI', ' GIANNANT Beta Tools Speed Up', 'ITA', '0', '14', ""1'59.995"", '25.992', '30.995', '29.386', '33.622', '284.2']"
263,"['March 08, 2020', '2020', 'QNB', 'Moto2™', 'Race', 'Fabio', 'DI', ' GIANNANT Beta Tools Speed Up', 'ITA', '0', '15', ""2'00.318"", '26.001', '31.115', '29.479', '33.723', '285.7']"
264,"['March 08, 2020', '2020', 'QNB', 'Moto2™', 'Race', 'Fabio', 'DI', ' GIANNANT Beta Tools Speed Up', 'ITA', '0', '16', ""2'00.403"", '26.083', '31.176', '29.395', '33.749', '283.4']"
265,"['March 08, 2020', '2020', 'QNB', 'Moto2™', 'Race', 'Fabio', 'DI', ' GIANNANT Beta Tools Speed Up', 'ITA', '0', '17', ""2'00.596"", '26.180', '31.085', '29.480', '33.851', '284.2']"
266,"['March 08, 2020', '2020', 'QNB', 'Moto2™', 'Race', 'Fabio', 'DI', ' GIANNANT Beta Tools Speed Up', 'ITA', '0', '18', ""2'00.734"", '26.128', '31.192', '29.504', '33.910', '283.4']"
267,"['March 08, 2020', '2020', 'QNB', 'Moto2™', 'Race', 'Fabio', 'DI', ' GIANNANT Beta Tools Speed Up', 'ITA', '0', '19', ""2'00.974"", '26.194', '31.174', '29.611', '33.995', '283.4']"
268,"['March 08, 2020', '2020', 'QNB', 'Moto2™', 'Race', 'Fabio', 'DI', ' GIANNANT Beta Tools Speed Up', 'ITA', '0', '20', ""2'01.058"", '26.135', '31.157', '29.643', '34.123', '284.2']"
269,"['March 08, 2020', '2020', 'QNB', 'Moto2™', 'Race', 'Fabio', 'DI', ' GIANNANT Beta Tools Speed Up', 'ITA', '0', '14th', '96']"
270,"['March 08, 2020', '2020', 'QNB', 'Moto2™', 'Race', 'Jake', 'DIXON', ' Petronas Sprinta Raci', 'GBR', '0', '2', ""2'00.932"", '26.207', '31.386', '29.449', '33.890', '287.2']"
271,"['March 08, 2020', '2020', 'QNB', 'Moto2™', 'Race', 'Jake', 'DIXON', ' Petronas Sprinta Raci', 'GBR', '0', '3', ""2'00.593"", '26.367', '31.179', '29.368', '33.679', '285.7']"
272,"['March 08, 2020', '2020', 'QNB', 'Moto2™', 'Race', 'Jake', 'DIXON', ' Petronas Sprinta Raci', 'GBR', '0', '4', ""2'00.366"", '26.258', '31.081', '29.365', '33.662', '290.3']"
273,"['March 08, 2020', '2020', 'QNB', 'Moto2™', 'Race', 'Jake', 'DIXON', ' Petronas Sprinta Raci', 'GBR', '0', '5', ""2'00.516"", '26.193', '31.154', '29.414', '33.755', '288.0']"
274,"['March 08, 2020', '2020', 'QNB', 'Moto2™', 'Race', 'Jake', 'DIXON', ' Petronas Sprinta Raci', 'GBR', '0', '6', ""2'00.535"", '26.212', '31.177', '29.397', '33.749', '285.7']"
275,"['March 08, 2020', '2020', 'QNB', 'Moto2™', 'Race', 'Jake', 'DIXON', ' Petronas Sprinta Raci', 'GBR', '0', '7', ""2'00.276"", '26.256', '30.980', '29.342', '33.698', '284.2']"
276,"['March 08, 2020', '2020', 'QNB', 'Moto2™', 'Race', 'Jake', 'DIXON', ' Petronas Sprinta Raci', 'GBR', '0', '8', ""2'00.316"", '26.199', '31.065', '29.382', '33.670', '283.4']"
277,"['March 08, 2020', '2020', 'QNB', 'Moto2™', 'Race', 'Jake', 'DIXON', ' Petronas Sprinta Raci', 'GBR', '0', '9', ""2'00.010"", '26.156', '30.940', '29.315', '33.599', '284.2']"
278,"['March 08, 2020', '2020', 'QNB', 'Moto2™', 'Race', 'Jake', 'DIXON', ' Petronas Sprinta Raci', 'GBR', '0', '10', ""1'59.865"", '26.135', '30.880', '29.256', '33.594', '284.9']"
279,"['March 08, 2020', '2020', 'QNB', 'Moto2™', 'Race', 'Jake', 'DIXON', ' Petronas Sprinta Raci', 'GBR', '0', '11', ""2'00.040"", '26.014', '31.040', '29.318', '33.668', '286.4']"
280,"['March 08, 2020', '2020', 'QNB', 'Moto2™', 'Race', 'Jake', 'DIXON', ' Petronas Sprinta Raci', 'GBR', '0', '12', ""2'00.252"", '26.225', '30.864', '29.400', '33.763', '286.4']"
281,"['March 08, 2020', '2020', 'QNB', 'Moto2™', 'Race', 'Jake', 'DIXON', ' Petronas Sprinta Raci', 'GBR', '0', '13', ""2'00.289"", '26.280', '30.931', '29.453', '33.625', '284.2']"
282,"['March 08, 2020', '2020', 'QNB', 'Moto2™', 'Race', 'Jake', 'DIXON', ' Petronas Sprinta Raci', 'GBR', '0', '14', ""2'00.364"", '26.232', '30.968', '29.346', '33.818', '283.4']"
283,"['March 08, 2020', '2020', 'QNB', 'Moto2™', 'Race', 'Jake', 'DIXON', ' Petronas Sprinta Raci', 'GBR', '0', '15', ""2'00.151"", '26.180', '30.848', '29.559', '33.564', '283.4']"
284,"['March 08, 2020', '2020', 'QNB', 'Moto2™', 'Race', 'Jake', 'DIXON', ' Petronas Sprinta Raci', 'GBR', '0', '16', ""2'00.200"", '26.203', '30.979', '29.372', '33.646', '284.2']"
285,"['March 08, 2020', '2020', 'QNB', 'Moto2™', 'Race', 'Jake', 'DIXON', ' Petronas Sprinta Raci', 'GBR', '0', '17', ""1'59.784"", '26.097', '30.848', '29.369', '33.470', '284.9']"
286,"['March 08, 2020', '2020', 'QNB', 'Moto2™', 'Race', 'Jake', 'DIXON', ' Petronas Sprinta Raci', 'GBR', '0', '18', ""2'00.003"", '26.106', '30.923', '29.491', '33.483', '285.7']"
287,"['March 08, 2020', '2020', 'QNB', 'Moto2™', 'Race', 'Jake', 'DIXON', ' Petronas Sprinta Raci', 'GBR', '0', '19', ""1'59.659"", '26.074', '30.859', '29.218', '33.508', '285.7']"
288,"['March 08, 2020', '2020', 'QNB', 'Moto2™', 'Race', 'Jake', 'DIXON', ' Petronas Sprinta Raci', 'GBR', '0', '20', ""2'00.449"", '26.106', '31.001', '29.269', '34.073', '287.2']"
289,"['March 08, 2020', '2020', 'QNB', 'Moto2™', 'Race', 'Stefano', 'MANZI', ' MV Agusta Forward R', 'ITA', '62', '1', ""2'07.031"", '31.519', '32.219', '29.537', '33.756', '195.2']"
290,"['March 08, 2020', '2020', 'QNB', 'Moto2™', 'Race', 'Stefano', 'MANZI', ' MV Agusta Forward R', 'ITA', '62', '2', ""2'00.634"", '26.225', '31.401', '29.259', '33.749', '289.5']"
291,"['March 08, 2020', '2020', 'QNB', 'Moto2™', 'Race', 'Stefano', 'MANZI', ' MV Agusta Forward R', 'ITA', '62', '3', ""2'01.109"", '26.689', '31.396', '29.303', '33.721', '285.7']"
292,"['March 08, 2020', '2020', 'QNB', 'Moto2™', 'Race', 'Stefano', 'MANZI', ' MV Agusta Forward R', 'ITA', '62', '4', ""2'00.380"", '26.252', '31.095', '29.302', '33.731', '282.7']"
293,"['March 08, 2020', '2020', 'QNB', 'Moto2™', 'Race', 'Stefano', 'MANZI', ' MV Agusta Forward R', 'ITA', '62', '5', ""2'00.155"", '26.133', '31.111', '29.281', '33.630', '281.9']"
294,"['March 08, 2020', '2020', 'QNB', 'Moto2™', 'Race', 'Stefano', 'MANZI', ' MV Agusta Forward R', 'ITA', '62', '6', ""2'00.276"", '26.235', '31.029', '29.261', '33.751', '283.4']"
295,"['March 08, 2020', '2020', 'QNB', 'Moto2™', 'Race', 'Stefano', 'MANZI', ' MV Agusta Forward R', 'ITA', '62', '7', ""2'00.237"", '26.098', '31.001', '29.392', '33.746', '282.7']"
296,"['March 08, 2020', '2020', 'QNB', 'Moto2™', 'Race', 'Stefano', 'MANZI', ' MV Agusta Forward R', 'ITA', '62', '8', ""2'00.482"", '26.176', '31.042', '29.298', '33.966', '282.7']"
297,"['March 08, 2020', '2020', 'QNB', 'Moto2™', 'Race', 'Stefano', 'MANZI', ' MV Agusta Forward R', 'ITA', '62', '9', ""2'00.529"", '26.174', '31.203', '29.398', '33.754', '282.7']"
298,"['March 08, 2020', '2020', 'QNB', 'Moto2™', 'Race', 'Stefano', 'MANZI', ' MV Agusta Forward R', 'ITA', '62', '10', ""2'00.469"", '26.115', '31.125', '29.481', '33.748', '281.9']"
299,"['March 08, 2020', '2020', 'QNB', 'Moto2™', 'Race', 'Stefano', 'MANZI', ' MV Agusta Forward R', 'ITA', '62', '11', ""2'00.435"", '26.245', '31.065', '29.379', '33.746', '281.9']"
300,"['March 08, 2020', '2020', 'QNB', 'Moto2™', 'Race', 'Stefano', 'MANZI', ' MV Agusta Forward R', 'ITA', '62', '12', ""2'00.533"", '26.566', '31.041', '29.390', '33.536', '281.2']"
301,"['March 08, 2020', '2020', 'QNB', 'Moto2™', 'Race', 'Stefano', 'MANZI', ' MV Agusta Forward R', 'ITA', '62', '13', ""2'00.279"", '26.208', '31.045', '29.387', '33.639', '284.2']"
302,"['March 08, 2020', '2020', 'QNB', 'Moto2™', 'Race', 'Stefano', 'MANZI', ' MV Agusta Forward R', 'ITA', '62', '14', ""2'00.316"", '26.176', '31.070', '29.243', '33.827', '284.9']"
303,"['March 08, 2020', '2020', 'QNB', 'Moto2™', 'Race', 'Stefano', 'MANZI', ' MV Agusta Forward R', 'ITA', '62', '15', ""2'00.137"", '26.139', '31.120', '29.344', '33.534', '284.2']"
304,"['March 08, 2020', '2020', 'QNB', 'Moto2™', 'Race', 'Stefano', 'MANZI', ' MV Agusta Forward R', 'ITA', '62', '16', ""2'00.202"", '26.141', '31.226', '29.151', '33.684', '284.2']"
305,"['March 08, 2020', '2020', 'QNB', 'Moto2™', 'Race', 'Stefano', 'MANZI', ' MV Agusta Forward R', 'ITA', '62', '17', ""2'00.125"", '26.044', '31.037', '29.398', '33.646', '284.9']"
306,"['March 08, 2020', '2020', 'QNB', 'Moto2™', 'Race', 'Stefano', 'MANZI', ' MV Agusta Forward R', 'ITA', '62', '18', ""2'00.626"", '26.180', '31.132', '29.371', '33.943', '284.2']"
307,"['March 08, 2020', '2020', 'QNB', 'Moto2™', 'Race', 'Stefano', 'MANZI', ' MV Agusta Forward R', 'ITA', '62', '19', ""2'01.149"", '26.416', '31.194', '29.591', '33.948', '282.7']"
308,"['March 08, 2020', '2020', 'QNB', 'Moto2™', 'Race', 'Stefano', 'MANZI', ' MV Agusta Forward R', 'ITA', '62', '20', ""2'01.296"", '26.480', '31.335', '29.509', '33.972', '281.9']"
309,"['March 08, 2020', '2020', 'QNB', 'Moto2™', 'Race', 'Edgar', 'PONS', ' Federal Oil Gresini M', 'SPA', '57', '1', ""2'09.074"", '32.522', '32.440', '30.098', '34.014', '189.1']"
310,"['March 08, 2020', '2020', 'QNB', 'Moto2™', 'Race', 'Edgar', 'PONS', ' Federal Oil Gresini M', 'SPA', '57', '2', ""2'00.586"", '26.213', '31.154', '29.423', '33.796', '286.4']"
311,"['March 08, 2020', '2020', 'QNB', 'Moto2™', 'Race', 'Edgar', 'PONS', ' Federal Oil Gresini M', 'SPA', '57', '3', ""2'01.302"", '26.346', '32.034', '29.313', '33.609', '291.8']"
312,"['March 08, 2020', '2020', 'QNB', 'Moto2™', 'Race', 'Edgar', 'PONS', ' Federal Oil Gresini M', 'SPA', '57', '4', ""2'00.147"", '26.092', '31.093', '29.290', '33.672', '287.2']"
313,"['March 08, 2020', '2020', 'QNB', 'Moto2™', 'Race', 'Edgar', 'PONS', ' Federal Oil Gresini M', 'SPA', '57', '5', ""2'00.786"", '26.359', '31.141', '29.412', '33.874', '288.7']"
314,"['March 08, 2020', '2020', 'QNB', 'Moto2™', 'Race', 'Edgar', 'PONS', ' Federal Oil Gresini M', 'SPA', '57', '6', ""2'00.550"", '26.303', '31.215', '29.500', '33.532', '287.2']"
315,"['March 08, 2020', '2020', 'QNB', 'Moto2™', 'Race', 'Edgar', 'PONS', ' Federal Oil Gresini M', 'SPA', '57', '7', ""2'00.506"", '26.255', '31.165', '29.436', '33.650', '291.8']"
316,"['March 08, 2020', '2020', 'QNB', 'Moto2™', 'Race', 'Edgar', 'PONS', ' Federal Oil Gresini M', 'SPA', '57', '8', ""2'00.435"", '26.283', '31.149', '29.401', '33.602', '288.0']"
317,"['March 08, 2020', '2020', 'QNB', 'Moto2™', 'Race', 'Edgar', 'PONS', ' Federal Oil Gresini M', 'SPA', '57', '9', ""2'00.087"", '26.169', '31.093', '29.349', '33.476', '291.1']"
318,"['March 08, 2020', '2020', 'QNB', 'Moto2™', 'Race', 'Edgar', 'PONS', ' Federal Oil Gresini M', 'SPA', '57', '10', ""2'00.140"", '26.271', '31.038', '29.248', '33.583', '290.3']"
319,"['March 08, 2020', '2020', 'QNB', 'Moto2™', 'Race', 'Edgar', 'PONS', ' Federal Oil Gresini M', 'SPA', '57', '11', ""2'00.290"", '26.289', '31.054', '29.312', '33.635', '291.8']"
320,"['March 08, 2020', '2020', 'QNB', 'Moto2™', 'Race', 'Edgar', 'PONS', ' Federal Oil Gresini M', 'SPA', '57', '12', ""2'00.258"", '26.359', '30.949', '29.357', '33.593', '288.0']"
321,"['March 08, 2020', '2020', 'QNB', 'Moto2™', 'Race', 'Edgar', 'PONS', ' Federal Oil Gresini M', 'SPA', '57', '13', ""2'00.087"", '26.115', '30.989', '29.266', '33.717', '285.7']"
322,"['March 08, 2020', '2020', 'QNB', 'Moto2™', 'Race', 'Edgar', 'PONS', ' Federal Oil Gresini M', 'SPA', '57', '14', ""1'59.746"", '25.974', '30.903', '29.285', '33.584', '286.4']"
323,"['March 08, 2020', '2020', 'QNB', 'Moto2™', 'Race', 'Edgar', 'PONS', ' Federal Oil Gresini M', 'SPA', '57', '15', ""2'00.467"", '26.233', '31.204', '29.315', '33.715', '288.0']"
324,"['March 08, 2020', '2020', 'QNB', 'Moto2™', 'Race', 'Edgar', 'PONS', ' Federal Oil Gresini M', 'SPA', '57', '16', ""2'00.408"", '26.172', '31.227', '29.362', '33.647', '287.2']"
325,"['March 08, 2020', '2020', 'QNB', 'Moto2™', 'Race', 'Edgar', 'PONS', ' Federal Oil Gresini M', 'SPA', '57', '17', ""2'00.136"", '26.127', '31.088', '29.288', '33.633', '284.9']"
326,"['March 08, 2020', '2020', 'QNB', 'Moto2™', 'Race', 'Edgar', 'PONS', ' Federal Oil Gresini M', 'SPA', '57', '18', ""2'00.564"", '26.391', '31.208', '29.365', '33.600', '283.4']"
327,"['March 08, 2020', '2020', 'QNB', 'Moto2™', 'Race', 'Edgar', 'PONS', ' Federal Oil Gresini M', 'SPA', '57', '19', ""2'00.723"", '26.401', '31.318', '29.361', '33.643', '289.5']"
328,"['March 08, 2020', '2020', 'QNB', 'Moto2™', 'Race', 'Edgar', 'PONS', ' Federal Oil Gresini M', 'SPA', '57', '20', ""2'00.156"", '26.004', '30.913', '29.296', '33.943', '288.0']"
329,"['March 08, 2020', '2020', 'QNB', 'Moto2™', 'Race', 'Hector', 'GARZO', ' Flexbox HP 40', 'SPA', '40', '1', ""2'07.992"", '31.988', '32.061', '30.256', '33.687', '198.1']"
330,"['March 08, 2020', '2020', 'QNB', 'Moto2™', 'Race', 'Hector', 'GARZO', ' Flexbox HP 40', 'SPA', '40', '2', ""2'01.266"", '26.338', '31.742', '29.409', '33.777', '286.4']"
331,"['March 08, 2020', '2020', 'QNB', 'Moto2™', 'Race', 'Hector', 'GARZO', ' Flexbox HP 40', 'SPA', '40', '3', ""2'00.624"", '26.188', '31.457', '29.407', '33.572', '288.0']"
332,"['March 08, 2020', '2020', 'QNB', 'Moto2™', 'Race', 'Hector', 'GARZO', ' Flexbox HP 40', 'SPA', '40', '4', ""2'00.676"", '26.266', '31.223', '29.301', '33.886', '291.1']"
333,"['March 08, 2020', '2020', 'QNB', 'Moto2™', 'Race', 'Hector', 'GARZO', ' Flexbox HP 40', 'SPA', '40', '5', ""2'00.659"", '26.304', '31.098', '29.479', '33.778', '284.9']"
334,"['March 08, 2020', '2020', 'QNB', 'Moto2™', 'Race', 'Hector', 'GARZO', ' Flexbox HP 40', 'SPA', '40', '6', ""2'00.492"", '26.189', '31.247', '29.166', '33.890', '291.1']"
335,"['March 08, 2020', '2020', 'QNB', 'Moto2™', 'Race', 'Hector', 'GARZO', ' Flexbox HP 40', 'SPA', '40', '7', ""2'00.610"", '26.204', '31.243', '29.385', '33.778', '291.1']"
336,"['March 08, 2020', '2020', 'QNB', 'Moto2™', 'Race', 'Hector', 'GARZO', ' Flexbox HP 40', 'SPA', '40', '8', ""2'00.043"", '26.105', '30.980', '29.277', '33.681', '284.2']"
337,"['March 08, 2020', '2020', 'QNB', 'Moto2™', 'Race', 'Hector', 'GARZO', ' Flexbox HP 40', 'SPA', '40', '9', ""2'00.299"", '26.092', '30.975', '29.621', '33.611', '284.9']"
338,"['March 08, 2020', '2020', 'QNB', 'Moto2™', 'Race', 'Hector', 'GARZO', ' Flexbox HP 40', 'SPA', '40', '10', ""2'00.269"", '26.105', '30.963', '29.435', '33.766', '284.2']"
339,"['March 08, 2020', '2020', 'QNB', 'Moto2™', 'Race', 'Hector', 'GARZO', ' Flexbox HP 40', 'SPA', '40', '11', ""2'00.119"", '26.432', '31.024', '29.183', '33.480', '284.9']"
340,"['March 08, 2020', '2020', 'QNB', 'Moto2™', 'Race', 'Hector', 'GARZO', ' Flexbox HP 40', 'SPA', '40', '12', ""2'00.552"", '26.398', '31.048', '29.444', '33.662', '289.5']"
341,"['March 08, 2020', '2020', 'QNB', 'Moto2™', 'Race', 'Hector', 'GARZO', ' Flexbox HP 40', 'SPA', '40', '13', ""2'00.033"", '26.220', '31.056', '29.101', '33.656', '285.7']"
342,"['March 08, 2020', '2020', 'QNB', 'Moto2™', 'Race', 'Hector', 'GARZO', ' Flexbox HP 40', 'SPA', '40', '14', ""2'00.038"", '26.193', '31.060', '29.211', '33.574', '289.5']"
343,"['March 08, 2020', '2020', 'QNB', 'Moto2™', 'Race', 'Hector', 'GARZO', ' Flexbox HP 40', 'SPA', '40', '15', ""2'00.509"", '26.337', '31.228', '29.305', '33.639', '284.2']"
344,"['March 08, 2020', '2020', 'QNB', 'Moto2™', 'Race', 'Hector', 'GARZO', ' Flexbox HP 40', 'SPA', '40', '16', ""2'00.277"", '26.202', '31.244', '29.169', '33.662', '283.4']"
345,"['March 08, 2020', '2020', 'QNB', 'Moto2™', 'Race', 'Hector', 'GARZO', ' Flexbox HP 40', 'SPA', '40', '17', ""2'00.383"", '26.365', '30.990', '29.291', '33.737', '283.4']"
346,"['March 08, 2020', '2020', 'QNB', 'Moto2™', 'Race', 'Hector', 'GARZO', ' Flexbox HP 40', 'SPA', '40', '18', ""2'00.670"", '26.420', '31.189', '29.296', '33.765', '281.2']"
347,"['March 08, 2020', '2020', 'QNB', 'Moto2™', 'Race', 'Hector', 'GARZO', ' Flexbox HP 40', 'SPA', '40', '19', ""2'01.131"", '26.355', '31.237', '29.412', '34.127', '284.2']"
348,"['March 08, 2020', '2020', 'QNB', 'Moto2™', 'Race', 'Hector', 'GARZO', ' Flexbox HP 40', 'SPA', '40', '20', ""2'00.419"", '26.139', '31.172', '29.413', '33.695', '287.2']"
349,"['March 08, 2020', '2020', 'QNB', 'Moto2™', 'Race', 'Hector', 'GARZO', ' Flexbox HP 40', 'SPA', '40', '18th', '11']"
350,"['March 08, 2020', '2020', 'QNB', 'Moto2™', 'Race', 'Nicolo', 'BULEGA', ' Federal Oil Gresini M', 'ITA', '0', '2', ""2'01.019"", '26.250', '31.512', '29.403', '33.854', '287.2']"
351,"['March 08, 2020', '2020', 'QNB', 'Moto2™', 'Race', 'Nicolo', 'BULEGA', ' Federal Oil Gresini M', 'ITA', '0', '3', ""2'00.650"", '26.278', '31.365', '29.217', '33.790', '285.7']"
352,"['March 08, 2020', '2020', 'QNB', 'Moto2™', 'Race', 'Nicolo', 'BULEGA', ' Federal Oil Gresini M', 'ITA', '0', '4', ""2'00.290"", '26.228', '30.998', '29.289', '33.775', '286.4']"
353,"['March 08, 2020', '2020', 'QNB', 'Moto2™', 'Race', 'Nicolo', 'BULEGA', ' Federal Oil Gresini M', 'ITA', '0', '5', ""2'01.183"", '26.255', '31.129', '29.872', '33.927', '284.9']"
354,"['March 08, 2020', '2020', 'QNB', 'Moto2™', 'Race', 'Nicolo', 'BULEGA', ' Federal Oil Gresini M', 'ITA', '0', '6', ""2'00.515"", '26.146', '31.179', '29.242', '33.948', '286.4']"
355,"['March 08, 2020', '2020', 'QNB', 'Moto2™', 'Race', 'Nicolo', 'BULEGA', ' Federal Oil Gresini M', 'ITA', '0', '7', ""2'00.865"", '26.560', '31.121', '29.370', '33.814', '287.2']"
356,"['March 08, 2020', '2020', 'QNB', 'Moto2™', 'Race', 'Nicolo', 'BULEGA', ' Federal Oil Gresini M', 'ITA', '0', '8', ""2'00.225"", '26.258', '31.061', '29.243', '33.663', '288.0']"
357,"['March 08, 2020', '2020', 'QNB', 'Moto2™', 'Race', 'Nicolo', 'BULEGA', ' Federal Oil Gresini M', 'ITA', '0', '9', ""2'00.195"", '26.137', '31.037', '29.279', '33.742*', '288.0']"
358,"['March 08, 2020', '2020', 'QNB', 'Moto2™', 'Race', 'Nicolo', 'BULEGA', ' Federal Oil Gresini M', 'ITA', '0', '10', ""2'00.084"", '26.160', '30.987', '29.219', '33.718', '288.0']"
359,"['March 08, 2020', '2020', 'QNB', 'Moto2™', 'Race', 'Nicolo', 'BULEGA', ' Federal Oil Gresini M', 'ITA', '0', '11', ""2'00.018"", '26.149', '30.940', '29.189', '33.740', '290.3']"
360,"['March 08, 2020', '2020', 'QNB', 'Moto2™', 'Race', 'Nicolo', 'BULEGA', ' Federal Oil Gresini M', 'ITA', '0', '12', ""2'00.423"", '26.325', '30.983', '29.348', '33.767', '284.9']"
361,"['March 08, 2020', '2020', 'QNB', 'Moto2™', 'Race', 'Nicolo', 'BULEGA', ' Federal Oil Gresini M', 'ITA', '0', '13', ""2'00.050"", '26.218', '30.989', '29.152', '33.691', '284.9']"
362,"['March 08, 2020', '2020', 'QNB', 'Moto2™', 'Race', 'Nicolo', 'BULEGA', ' Federal Oil Gresini M', 'ITA', '0', '14', ""2'00.177"", '26.227', '30.960', '29.220', '33.770', '285.7']"
363,"['March 08, 2020', '2020', 'QNB', 'Moto2™', 'Race', 'Nicolo', 'BULEGA', ' Federal Oil Gresini M', 'ITA', '0', '15', ""2'00.421"", '26.250', '31.120', '29.196', '33.855', '285.7']"
364,"['March 08, 2020', '2020', 'QNB', 'Moto2™', 'Race', 'Nicolo', 'BULEGA', ' Federal Oil Gresini M', 'ITA', '0', '16', ""2'00.348"", '26.194', '31.183', '29.125', '33.846', '285.7']"
365,"['March 08, 2020', '2020', 'QNB', 'Moto2™', 'Race', 'Nicolo', 'BULEGA', ' Federal Oil Gresini M', 'ITA', '0', '17', ""2'00.408"", '26.259', '30.973', '29.271', '33.905*', '284.2']"
366,"['March 08, 2020', '2020', 'QNB', 'Moto2™', 'Race', 'Nicolo', 'BULEGA', ' Federal Oil Gresini M', 'ITA', '0', '18', ""2'00.632"", '26.306', '31.122', '29.285', '33.919', '284.2']"
367,"['March 08, 2020', '2020', 'QNB', 'Moto2™', 'Race', 'Nicolo', 'BULEGA', ' Federal Oil Gresini M', 'ITA', '0', '19', ""2'00.757"", '26.293', '31.215', '29.351', '33.898', '284.9']"
368,"['March 08, 2020', '2020', 'QNB', 'Moto2™', 'Race', 'Nicolo', 'BULEGA', ' Federal Oil Gresini M', 'ITA', '0', '20', ""2'00.879"", '26.307', '31.241', '29.420', '33.911', '285.7']"
369,"['March 08, 2020', '2020', 'QNB', 'Moto2™', 'Race', 'Nicolo', 'BULEGA', ' Federal Oil Gresini M', 'ITA', '0', '19th', '55']"
370,"['March 08, 2020', '2020', 'QNB', 'Moto2™', 'Race', 'Hafizh', 'SYAHRIN', ' Aspar Team', 'MAL', '0', '2', ""2'00.945"", '26.330', '31.401', '29.426', '33.788', '290.3']"
371,"['March 08, 2020', '2020', 'QNB', 'Moto2™', 'Race', 'Hafizh', 'SYAHRIN', ' Aspar Team', 'MAL', '0', '3', ""2'00.827"", '26.393', '31.334', '29.356', '33.744', '290.3']"
372,"['March 08, 2020', '2020', 'QNB', 'Moto2™', 'Race', 'Hafizh', 'SYAHRIN', ' Aspar Team', 'MAL', '0', '4', ""2'00.580"", '26.333', '31.164', '29.347', '33.736', '288.0']"
373,"['March 08, 2020', '2020', 'QNB', 'Moto2™', 'Race', 'Hafizh', 'SYAHRIN', ' Aspar Team', 'MAL', '0', '5', ""2'00.921"", '26.334', '31.200', '29.368', '34.019', '288.0']"
374,"['March 08, 2020', '2020', 'QNB', 'Moto2™', 'Race', 'Hafizh', 'SYAHRIN', ' Aspar Team', 'MAL', '0', '6', ""2'00.515"", '26.231', '31.186', '29.364', '33.734', '285.7']"
375,"['March 08, 2020', '2020', 'QNB', 'Moto2™', 'Race', 'Hafizh', 'SYAHRIN', ' Aspar Team', 'MAL', '0', '7', ""2'00.381"", '26.269', '31.018', '29.399', '33.695', '286.4']"
376,"['March 08, 2020', '2020', 'QNB', 'Moto2™', 'Race', 'Hafizh', 'SYAHRIN', ' Aspar Team', 'MAL', '0', '8', ""2'00.582"", '26.404', '31.100', '29.415', '33.663', '289.5']"
377,"['March 08, 2020', '2020', 'QNB', 'Moto2™', 'Race', 'Hafizh', 'SYAHRIN', ' Aspar Team', 'MAL', '0', '9', ""2'00.129"", '26.174', '31.027', '29.293', '33.635', '286.4']"
378,"['March 08, 2020', '2020', 'QNB', 'Moto2™', 'Race', 'Hafizh', 'SYAHRIN', ' Aspar Team', 'MAL', '0', '10', ""2'00.114"", '26.186', '30.988', '29.333', '33.607', '289.5']"
379,"['March 08, 2020', '2020', 'QNB', 'Moto2™', 'Race', 'Hafizh', 'SYAHRIN', ' Aspar Team', 'MAL', '0', '11', ""2'00.331"", '26.251', '31.039', '29.279', '33.762', '288.7']"
380,"['March 08, 2020', '2020', 'QNB', 'Moto2™', 'Race', 'Hafizh', 'SYAHRIN', ' Aspar Team', 'MAL', '0', '12', ""2'00.720"", '26.660', '31.132', '29.315', '33.613', '289.5']"
381,"['March 08, 2020', '2020', 'QNB', 'Moto2™', 'Race', 'Hafizh', 'SYAHRIN', ' Aspar Team', 'MAL', '0', '13', ""2'00.406"", '26.302', '30.981', '29.402', '33.721', '287.2']"
382,"['March 08, 2020', '2020', 'QNB', 'Moto2™', 'Race', 'Hafizh', 'SYAHRIN', ' Aspar Team', 'MAL', '0', '14', ""2'00.707"", '26.301', '31.111', '29.476', '33.819', '286.4']"
383,"['March 08, 2020', '2020', 'QNB', 'Moto2™', 'Race', 'Hafizh', 'SYAHRIN', ' Aspar Team', 'MAL', '0', '15', ""2'00.698"", '26.435', '31.065', '29.408', '33.790', '284.9']"
384,"['March 08, 2020', '2020', 'QNB', 'Moto2™', 'Race', 'Hafizh', 'SYAHRIN', ' Aspar Team', 'MAL', '0', '16', ""2'00.815"", '26.396', '31.153', '29.510', '33.756', '284.9']"
385,"['March 08, 2020', '2020', 'QNB', 'Moto2™', 'Race', 'Hafizh', 'SYAHRIN', ' Aspar Team', 'MAL', '0', '17', ""2'00.686"", '26.313', '31.123', '29.465', '33.785', '284.9']"
386,"['March 08, 2020', '2020', 'QNB', 'Moto2™', 'Race', 'Hafizh', 'SYAHRIN', ' Aspar Team', 'MAL', '0', '18', ""2'00.828"", '26.409', '31.118', '29.473', '33.828', '284.2']"
387,"['March 08, 2020', '2020', 'QNB', 'Moto2™', 'Race', 'Hafizh', 'SYAHRIN', ' Aspar Team', 'MAL', '0', '19', ""2'00.461"", '26.244', '31.040', '29.393', '33.784', '284.9']"
388,"['March 08, 2020', '2020', 'QNB', 'Moto2™', 'Race', 'Hafizh', 'SYAHRIN', ' Aspar Team', 'MAL', '0', '20', ""2'00.646"", '26.190', '31.027', '29.578', '33.851', '285.7']"
389,"['March 08, 2020', '2020', 'QNB', 'Moto2™', 'Race', 'Jorge', 'MARTIN', ' Red Bull KTM Ajo', 'SPA', '88', '1', ""2'03.981"", '30.076', '31.261', '29.199', '33.445', '181.2']"
390,"['March 08, 2020', '2020', 'QNB', 'Moto2™', 'Race', 'Jorge', 'MARTIN', ' Red Bull KTM Ajo', 'SPA', '88', '2', ""2'00.057"", '26.378', '30.998', '29.114', '33.567', '291.1']"
391,"['March 08, 2020', '2020', 'QNB', 'Moto2™', 'Race', 'Jorge', 'MARTIN', ' Red Bull KTM Ajo', 'SPA', '88', '3', ""1'59.847"", '26.191', '30.916', '29.200', '33.540', '290.3']"
392,"['March 08, 2020', '2020', 'QNB', 'Moto2™', 'Race', 'Jorge', 'MARTIN', ' Red Bull KTM Ajo', 'SPA', '88', '4', ""1'59.653"", '26.133', '30.859', '29.073', '33.588', '286.4']"
393,"['March 08, 2020', '2020', 'QNB', 'Moto2™', 'Race', 'Jorge', 'MARTIN', ' Red Bull KTM Ajo', 'SPA', '88', '5', ""1'59.982"", '26.249', '31.033', '29.082', '33.618', '285.7']"
394,"['March 08, 2020', '2020', 'QNB', 'Moto2™', 'Race', 'Jorge', 'MARTIN', ' Red Bull KTM Ajo', 'SPA', '88', '6', ""1'59.442"", '26.015', '30.802', '29.079', '33.546', '285.7']"
395,"['March 08, 2020', '2020', 'QNB', 'Moto2™', 'Race', 'Jorge', 'MARTIN', ' Red Bull KTM Ajo', 'SPA', '88', '7', ""1'59.666"", '26.060', '30.931', '29.109', '33.566', '285.7']"
396,"['March 08, 2020', '2020', 'QNB', 'Moto2™', 'Race', 'Jorge', 'MARTIN', ' Red Bull KTM Ajo', 'SPA', '88', '8', ""1'59.503"", '26.099', '30.874', '29.047', '33.483', '286.4']"
397,"['March 08, 2020', '2020', 'QNB', 'Moto2™', 'Race', 'Jorge', 'MARTIN', ' Red Bull KTM Ajo', 'SPA', '88', '9', ""2'00.055"", '26.051', '30.992', '29.257', '33.755', '285.7']"
398,"['March 08, 2020', '2020', 'QNB', 'Moto2™', 'Race', 'Jorge', 'MARTIN', ' Red Bull KTM Ajo', 'SPA', '88', '10', ""1'59.789"", '25.955', '30.990', '29.205', '33.639', '289.5']"
399,"['March 08, 2020', '2020', 'QNB', 'Moto2™', 'Race', 'Jorge', 'MARTIN', ' Red Bull KTM Ajo', 'SPA', '88', '11', ""2'01.685"", '26.840', '31.521', '29.481', '33.843', '286.4']"
400,"['March 08, 2020', '2020', 'QNB', 'Moto2™', 'Race', 'Jorge', 'MARTIN', ' Red Bull KTM Ajo', 'SPA', '88', '12', ""2'01.212"", '26.815', '31.182', '29.411', '33.804', '285.7']"
401,"['March 08, 2020', '2020', 'QNB', 'Moto2™', 'Race', 'Jorge', 'MARTIN', ' Red Bull KTM Ajo', 'SPA', '88', '13', ""2'00.953"", '26.513', '31.201', '29.350', '33.889', '288.0']"
402,"['March 08, 2020', '2020', 'QNB', 'Moto2™', 'Race', 'Jorge', 'MARTIN', ' Red Bull KTM Ajo', 'SPA', '88', '14', ""2'02.202"", '26.159', '32.213', '29.809', '34.021', '288.0']"
403,"['March 08, 2020', '2020', 'QNB', 'Moto2™', 'Race', 'Jorge', 'MARTIN', ' Red Bull KTM Ajo', 'SPA', '88', '15', ""2'01.361"", '26.289', '31.447', '29.829', '33.796', '288.7']"
404,"['March 08, 2020', '2020', 'QNB', 'Moto2™', 'Race', 'Jorge', 'MARTIN', ' Red Bull KTM Ajo', 'SPA', '88', '16', ""2'00.944"", '26.141', '31.430', '29.508', '33.865', '289.5']"
405,"['March 08, 2020', '2020', 'QNB', 'Moto2™', 'Race', 'Jorge', 'MARTIN', ' Red Bull KTM Ajo', 'SPA', '88', '17', ""2'01.311"", '26.170', '31.395', '29.763', '33.983', '287.2']"
406,"['March 08, 2020', '2020', 'QNB', 'Moto2™', 'Race', 'Jorge', 'MARTIN', ' Red Bull KTM Ajo', 'SPA', '88', '18', ""2'02.563"", '26.271', '31.793', '30.052', '34.447', '286.4']"
407,"['March 08, 2020', '2020', 'QNB', 'Moto2™', 'Race', 'Jorge', 'MARTIN', ' Red Bull KTM Ajo', 'SPA', '88', '19', ""2'03.717"", '26.424', '32.009', '31.015', '34.269', '289.5']"
408,"['March 08, 2020', '2020', 'QNB', 'Moto2™', 'Race', 'Jorge', 'MARTIN', ' Red Bull KTM Ajo', 'SPA', '88', '20', ""2'02.931"", '26.473', '31.874', '30.145', '34.439', '288.0']"
409,"['March 08, 2020', '2020', 'QNB', 'Moto2™', 'Race', 'Simone', 'CORSI', ' MV Agusta Forward R', 'ITA', '24', '1', ""2'09.054"", '32.292', '32.522', '30.091', '34.149', '201.1']"
410,"['March 08, 2020', '2020', 'QNB', 'Moto2™', 'Race', 'Simone', 'CORSI', ' MV Agusta Forward R', 'ITA', '24', '2', ""2'01.209"", '26.453', '31.438', '29.415', '33.903', '284.2']"
411,"['March 08, 2020', '2020', 'QNB', 'Moto2™', 'Race', 'Simone', 'CORSI', ' MV Agusta Forward R', 'ITA', '24', '3', ""2'01.677"", '26.407', '31.624', '29.687', '33.959', '284.9']"
412,"['March 08, 2020', '2020', 'QNB', 'Moto2™', 'Race', 'Simone', 'CORSI', ' MV Agusta Forward R', 'ITA', '24', '4', ""2'01.221"", '26.358', '31.316', '29.585', '33.962', '284.2']"
413,"['March 08, 2020', '2020', 'QNB', 'Moto2™', 'Race', 'Simone', 'CORSI', ' MV Agusta Forward R', 'ITA', '24', '5', ""2'01.413"", '26.393', '31.377', '29.679', '33.964', '282.7']"
414,"['March 08, 2020', '2020', 'QNB', 'Moto2™', 'Race', 'Simone', 'CORSI', ' MV Agusta Forward R', 'ITA', '24', '6', ""2'01.346"", '26.446', '31.336', '29.566', '33.998', '281.9']"
415,"['March 08, 2020', '2020', 'QNB', 'Moto2™', 'Race', 'Simone', 'CORSI', ' MV Agusta Forward R', 'ITA', '24', '7', ""2'01.424"", '26.480', '31.347', '29.633', '33.964', '281.9']"
416,"['March 08, 2020', '2020', 'QNB', 'Moto2™', 'Race', 'Simone', 'CORSI', ' MV Agusta Forward R', 'ITA', '24', '8', ""2'00.880"", '26.299', '31.146', '29.550', '33.885', '281.2']"
417,"['March 08, 2020', '2020', 'QNB', 'Moto2™', 'Race', 'Simone', 'CORSI', ' MV Agusta Forward R', 'ITA', '24', '9', ""2'00.863"", '26.293', '31.245', '29.505', '33.820', '281.2']"
418,"['March 08, 2020', '2020', 'QNB', 'Moto2™', 'Race', 'Simone', 'CORSI', ' MV Agusta Forward R', 'ITA', '24', '10', ""2'01.066"", '26.363', '31.237', '29.574', '33.892', '281.9']"
419,"['March 08, 2020', '2020', 'QNB', 'Moto2™', 'Race', 'Simone', 'CORSI', ' MV Agusta Forward R', 'ITA', '24', '11', ""2'00.877"", '26.305', '31.280', '29.475', '33.817', '281.9']"
420,"['March 08, 2020', '2020', 'QNB', 'Moto2™', 'Race', 'Simone', 'CORSI', ' MV Agusta Forward R', 'ITA', '24', '12', ""2'00.990"", '26.309', '31.193', '29.585', '33.903', '282.7']"
421,"['March 08, 2020', '2020', 'QNB', 'Moto2™', 'Race', 'Simone', 'CORSI', ' MV Agusta Forward R', 'ITA', '24', '13', ""2'00.907"", '26.307', '31.235', '29.503', '33.862', '280.5']"
422,"['March 08, 2020', '2020', 'QNB', 'Moto2™', 'Race', 'Simone', 'CORSI', ' MV Agusta Forward R', 'ITA', '24', '14', ""2'00.993"", '26.362', '31.179', '29.458', '33.994', '280.5']"
423,"['March 08, 2020', '2020', 'QNB', 'Moto2™', 'Race', 'Simone', 'CORSI', ' MV Agusta Forward R', 'ITA', '24', '15', ""2'00.712"", '26.262', '31.121', '29.449', '33.880', '280.5']"
424,"['March 08, 2020', '2020', 'QNB', 'Moto2™', 'Race', 'Simone', 'CORSI', ' MV Agusta Forward R', 'ITA', '24', '16', ""2'00.670"", '26.249', '31.144', '29.498', '33.779', '280.5']"
425,"['March 08, 2020', '2020', 'QNB', 'Moto2™', 'Race', 'Simone', 'CORSI', ' MV Agusta Forward R', 'ITA', '24', '17', ""2'00.547"", '26.231', '31.038', '29.485', '33.793', '281.2']"
426,"['March 08, 2020', '2020', 'QNB', 'Moto2™', 'Race', 'Simone', 'CORSI', ' MV Agusta Forward R', 'ITA', '24', '18', ""2'00.632"", '26.180', '30.997', '29.558', '33.897', '281.2']"
427,"['March 08, 2020', '2020', 'QNB', 'Moto2™', 'Race', 'Simone', 'CORSI', ' MV Agusta Forward R', 'ITA', '24', '19', ""2'00.497"", '26.213', '31.089', '29.475', '33.720', '281.2']"
428,"['March 08, 2020', '2020', 'QNB', 'Moto2™', 'Race', 'Simone', 'CORSI', ' MV Agusta Forward R', 'ITA', '24', '20', ""2'00.505"", '26.195', '31.014', '29.502', '33.794', '281.2']"
429,"['March 08, 2020', '2020', 'QNB', 'Moto2™', 'Race', 'Andi', 'Farid', ' IZDIHAR IDEMITSU Honda Te', 'INA', '27', '1', ""2'09.724"", '32.706', '32.706', '30.074', '34.238', '203.3']"
430,"['March 08, 2020', '2020', 'QNB', 'Moto2™', 'Race', 'Andi', 'Farid', ' IZDIHAR IDEMITSU Honda Te', 'INA', '27', '2', ""2'03.017"", '26.534', '32.246', '30.008', '34.229', '294.2']"
431,"['March 08, 2020', '2020', 'QNB', 'Moto2™', 'Race', 'Andi', 'Farid', ' IZDIHAR IDEMITSU Honda Te', 'INA', '27', '3', ""2'01.405"", '26.343', '31.502', '29.600', '33.960', '288.7']"
432,"['March 08, 2020', '2020', 'QNB', 'Moto2™', 'Race', 'Andi', 'Farid', ' IZDIHAR IDEMITSU Honda Te', 'INA', '27', '4', ""2'01.355"", '26.400', '31.456', '29.749', '33.750', '288.0']"
433,"['March 08, 2020', '2020', 'QNB', 'Moto2™', 'Race', 'Andi', 'Farid', ' IZDIHAR IDEMITSU Honda Te', 'INA', '27', '5', ""2'01.433"", '26.499', '31.302', '29.759', '33.873', '288.0']"
434,"['March 08, 2020', '2020', 'QNB', 'Moto2™', 'Race', 'Andi', 'Farid', ' IZDIHAR IDEMITSU Honda Te', 'INA', '27', '6', ""2'01.373"", '26.476', '31.403', '29.736', '33.758', '288.0']"
435,"['March 08, 2020', '2020', 'QNB', 'Moto2™', 'Race', 'Andi', 'Farid', ' IZDIHAR IDEMITSU Honda Te', 'INA', '27', '7', ""2'01.471"", '26.532', '31.392', '29.657', '33.890', '288.0']"
436,"['March 08, 2020', '2020', 'QNB', 'Moto2™', 'Race', 'Andi', 'Farid', ' IZDIHAR IDEMITSU Honda Te', 'INA', '27', '8', ""2'01.233"", '26.312', '31.330', '29.785', '33.806', '289.5']"
437,"['March 08, 2020', '2020', 'QNB', 'Moto2™', 'Race', 'Andi', 'Farid', ' IZDIHAR IDEMITSU Honda Te', 'INA', '27', '9', ""2'01.167"", '26.231', '31.353', '29.686', '33.897', '285.7']"
438,"['March 08, 2020', '2020', 'QNB', 'Moto2™', 'Race', 'Andi', 'Farid', ' IZDIHAR IDEMITSU Honda Te', 'INA', '27', '10', ""2'01.465"", '26.408', '31.399', '29.744', '33.914', '284.9']"
439,"['March 08, 2020', '2020', 'QNB', 'Moto2™', 'Race', 'Andi', 'Farid', ' IZDIHAR IDEMITSU Honda Te', 'INA', '27', '11', ""2'01.098"", '26.226', '31.172', '29.822', '33.878', '284.9']"
440,"['March 08, 2020', '2020', 'QNB', 'Moto2™', 'Race', 'Andi', 'Farid', ' IZDIHAR IDEMITSU Honda Te', 'INA', '27', '12', ""2'01.624"", '26.339', '31.341', '29.954', '33.990', '284.9']"
441,"['March 08, 2020', '2020', 'QNB', 'Moto2™', 'Race', 'Andi', 'Farid', ' IZDIHAR IDEMITSU Honda Te', 'INA', '27', '13', ""2'01.345"", '26.289', '31.376', '29.805', '33.875', '284.9']"
442,"['March 08, 2020', '2020', 'QNB', 'Moto2™', 'Race', 'Andi', 'Farid', ' IZDIHAR IDEMITSU Honda Te', 'INA', '27', '14', ""2'00.927"", '26.200', '31.221', '29.724', '33.782', '284.2']"
443,"['March 08, 2020', '2020', 'QNB', 'Moto2™', 'Race', 'Andi', 'Farid', ' IZDIHAR IDEMITSU Honda Te', 'INA', '27', '15', ""2'01.360"", '26.413', '31.313', '29.715', '33.919*', '284.9']"
444,"['March 08, 2020', '2020', 'QNB', 'Moto2™', 'Race', 'Andi', 'Farid', ' IZDIHAR IDEMITSU Honda Te', 'INA', '27', '16', ""2'01.060"", '26.338', '31.183', '29.752', '33.787', '284.2']"
445,"['March 08, 2020', '2020', 'QNB', 'Moto2™', 'Race', 'Andi', 'Farid', ' IZDIHAR IDEMITSU Honda Te', 'INA', '27', '17', ""2'00.877"", '26.204', '31.140', '29.740', '33.793', '284.2']"
446,"['March 08, 2020', '2020', 'QNB', 'Moto2™', 'Race', 'Andi', 'Farid', ' IZDIHAR IDEMITSU Honda Te', 'INA', '27', '18', ""2'00.898"", '26.289', '31.133', '29.677', '33.799', '283.4']"
447,"['March 08, 2020', '2020', 'QNB', 'Moto2™', 'Race', 'Andi', 'Farid', ' IZDIHAR IDEMITSU Honda Te', 'INA', '27', '19', ""2'00.919"", '26.219', '31.106', '29.755', '33.839', '284.9']"
448,"['March 08, 2020', '2020', 'QNB', 'Moto2™', 'Race', 'Andi', 'Farid', ' IZDIHAR IDEMITSU Honda Te', 'INA', '27', '20', ""2'00.955"", '26.215', '31.124', '29.789', '33.827', '283.4']"
449,"['March 08, 2020', '2020', 'QNB', 'Moto2™', 'Race', 'Jesko', 'RAFFIN', ' NTS RW Racing GP', 'SWI', '2', '1', ""2'10.837"", '32.109', '32.428', '30.283', '36.017', '196.0']"
450,"['March 08, 2020', '2020', 'QNB', 'Moto2™', 'Race', 'Jesko', 'RAFFIN', ' NTS RW Racing GP', 'SWI', '2', '2', ""2'02.453"", '26.522', '32.340', '29.615', '33.976', '284.2']"
451,"['March 08, 2020', '2020', 'QNB', 'Moto2™', 'Race', 'Jesko', 'RAFFIN', ' NTS RW Racing GP', 'SWI', '2', '3', ""2'01.562"", '26.476', '31.593', '29.442', '34.051', '285.7']"
452,"['March 08, 2020', '2020', 'QNB', 'Moto2™', 'Race', 'Jesko', 'RAFFIN', ' NTS RW Racing GP', 'SWI', '2', '4', ""2'01.500"", '26.534', '31.361', '29.570', '34.035', '284.9']"
453,"['March 08, 2020', '2020', 'QNB', 'Moto2™', 'Race', 'Jesko', 'RAFFIN', ' NTS RW Racing GP', 'SWI', '2', '5', ""2'01.414"", '26.402', '31.381', '29.591', '34.040', '284.9']"
454,"['March 08, 2020', '2020', 'QNB', 'Moto2™', 'Race', 'Jesko', 'RAFFIN', ' NTS RW Racing GP', 'SWI', '2', '6', ""2'01.502"", '26.470', '31.409', '29.511', '34.112', '284.9']"
455,"['March 08, 2020', '2020', 'QNB', 'Moto2™', 'Race', 'Jesko', 'RAFFIN', ' NTS RW Racing GP', 'SWI', '2', '7', ""2'01.342"", '26.419', '31.499', '29.524', '33.900', '284.9']"
456,"['March 08, 2020', '2020', 'QNB', 'Moto2™', 'Race', 'Jesko', 'RAFFIN', ' NTS RW Racing GP', 'SWI', '2', '8', ""2'02.599"", '27.892', '31.345', '29.462', '33.900', '288.7']"
457,"['March 08, 2020', '2020', 'QNB', 'Moto2™', 'Race', 'Jesko', 'RAFFIN', ' NTS RW Racing GP', 'SWI', '2', '9', ""2'01.402"", '26.539', '31.353', '29.435', '34.075', '280.5']"
458,"['March 08, 2020', '2020', 'QNB', 'Moto2™', 'Race', 'Jesko', 'RAFFIN', ' NTS RW Racing GP', 'SWI', '2', '10', ""2'01.531"", '26.575', '31.478', '29.750', '33.728', '288.7']"
459,"['March 08, 2020', '2020', 'QNB', 'Moto2™', 'Race', 'Jesko', 'RAFFIN', ' NTS RW Racing GP', 'SWI', '2', '11', ""2'01.385"", '26.516', '31.518', '29.488', '33.863', '288.0']"
460,"['March 08, 2020', '2020', 'QNB', 'Moto2™', 'Race', 'Jesko', 'RAFFIN', ' NTS RW Racing GP', 'SWI', '2', '12', ""2'00.811"", '26.467', '31.096', '29.392', '33.856', '289.5']"
461,"['March 08, 2020', '2020', 'QNB', 'Moto2™', 'Race', 'Jesko', 'RAFFIN', ' NTS RW Racing GP', 'SWI', '2', '13', ""2'00.743"", '26.406', '31.208', '29.239', '33.890', '281.9']"
462,"['March 08, 2020', '2020', 'QNB', 'Moto2™', 'Race', 'Jesko', 'RAFFIN', ' NTS RW Racing GP', 'SWI', '2', '14', ""2'00.922"", '26.417', '31.297', '29.376', '33.832', '283.4']"
463,"['March 08, 2020', '2020', 'QNB', 'Moto2™', 'Race', 'Jesko', 'RAFFIN', ' NTS RW Racing GP', 'SWI', '2', '15', ""2'00.645"", '26.318', '31.167', '29.276', '33.884', '282.7']"
464,"['March 08, 2020', '2020', 'QNB', 'Moto2™', 'Race', 'Jesko', 'RAFFIN', ' NTS RW Racing GP', 'SWI', '2', '16', ""2'00.784"", '26.395', '31.206', '29.395', '33.788', '282.7']"
465,"['March 08, 2020', '2020', 'QNB', 'Moto2™', 'Race', 'Jesko', 'RAFFIN', ' NTS RW Racing GP', 'SWI', '2', '17', ""2'00.777"", '26.309', '31.184', '29.437', '33.847', '284.2']"
466,"['March 08, 2020', '2020', 'QNB', 'Moto2™', 'Race', 'Jesko', 'RAFFIN', ' NTS RW Racing GP', 'SWI', '2', '18', ""2'00.857"", '26.269', '31.247', '29.586', '33.755', '285.7']"
467,"['March 08, 2020', '2020', 'QNB', 'Moto2™', 'Race', 'Jesko', 'RAFFIN', ' NTS RW Racing GP', 'SWI', '2', '19', ""2'00.809"", '26.254', '31.116', '29.626', '33.813', '285.7']"
468,"['March 08, 2020', '2020', 'QNB', 'Moto2™', 'Race', 'Jesko', 'RAFFIN', ' NTS RW Racing GP', 'SWI', '2', '20', ""2'00.981"", '26.251', '31.165', '29.753', '33.812', '288.0']"
469,"['March 08, 2020', '2020', 'QNB', 'Moto2™', 'Race', 'Lorenzo', 'DALLA', ' PO Italtrans Racing Team', 'ITA', '19', '1', ""2'09.484"", '32.595', '32.488', '30.135', '34.266', '202.2']"
470,"['March 08, 2020', '2020', 'QNB', 'Moto2™', 'Race', 'Lorenzo', 'DALLA', ' PO Italtrans Racing Team', 'ITA', '19', '2', ""2'02.387"", '26.707', '31.909', '29.715', '34.056', '286.4']"
471,"['March 08, 2020', '2020', 'QNB', 'Moto2™', 'Race', 'Lorenzo', 'DALLA', ' PO Italtrans Racing Team', 'ITA', '19', '3', ""2'01.877"", '26.815', '31.513', '29.569', '33.980', '283.4']"
472,"['March 08, 2020', '2020', 'QNB', 'Moto2™', 'Race', 'Lorenzo', 'DALLA', ' PO Italtrans Racing Team', 'ITA', '19', '4', ""2'02.023"", '26.707', '31.762', '29.664', '33.890', '284.9']"
473,"['March 08, 2020', '2020', 'QNB', 'Moto2™', 'Race', 'Lorenzo', 'DALLA', ' PO Italtrans Racing Team', 'ITA', '19', '5', ""2'01.486"", '26.636', '31.399', '29.577', '33.874', '287.2']"
474,"['March 08, 2020', '2020', 'QNB', 'Moto2™', 'Race', 'Lorenzo', 'DALLA', ' PO Italtrans Racing Team', 'ITA', '19', '6', ""2'01.699"", '26.622', '31.450', '29.644', '33.983', '287.2']"
475,"['March 08, 2020', '2020', 'QNB', 'Moto2™', 'Race', 'Lorenzo', 'DALLA', ' PO Italtrans Racing Team', 'ITA', '19', '7', ""2'01.452"", '26.624', '31.382', '29.531', '33.915', '284.9']"
476,"['March 08, 2020', '2020', 'QNB', 'Moto2™', 'Race', 'Lorenzo', 'DALLA', ' PO Italtrans Racing Team', 'ITA', '19', '8', ""2'01.664"", '26.622', '31.400', '29.700', '33.942', '284.9']"
477,"['March 08, 2020', '2020', 'QNB', 'Moto2™', 'Race', 'Lorenzo', 'DALLA', ' PO Italtrans Racing Team', 'ITA', '19', '9', ""2'02.421"", '26.425', '31.332', '30.102', '34.562', '284.9']"
478,"['March 08, 2020', '2020', 'QNB', 'Moto2™', 'Race', 'Lorenzo', 'DALLA', ' PO Italtrans Racing Team', 'ITA', '19', '10', ""2'01.532"", '26.643', '31.284', '29.689', '33.916', '281.9']"
479,"['March 08, 2020', '2020', 'QNB', 'Moto2™', 'Race', 'Lorenzo', 'DALLA', ' PO Italtrans Racing Team', 'ITA', '19', '11', ""2'01.399"", '26.569', '31.308', '29.625', '33.897', '281.2']"
480,"['March 08, 2020', '2020', 'QNB', 'Moto2™', 'Race', 'Lorenzo', 'DALLA', ' PO Italtrans Racing Team', 'ITA', '19', '12', ""2'01.583"", '26.767', '31.316', '29.592', '33.908', '281.9']"
481,"['March 08, 2020', '2020', 'QNB', 'Moto2™', 'Race', 'Lorenzo', 'DALLA', ' PO Italtrans Racing Team', 'ITA', '19', '13', ""2'01.050"", '26.459', '31.223', '29.547', '33.821', '283.4']"
482,"['March 08, 2020', '2020', 'QNB', 'Moto2™', 'Race', 'Lorenzo', 'DALLA', ' PO Italtrans Racing Team', 'ITA', '19', '14', ""2'01.162"", '26.468', '31.297', '29.569', '33.828', '283.4']"
483,"['March 08, 2020', '2020', 'QNB', 'Moto2™', 'Race', 'Lorenzo', 'DALLA', ' PO Italtrans Racing Team', 'ITA', '19', '15', ""2'01.226"", '26.458', '31.245', '29.570', '33.953', '282.7']"
484,"['March 08, 2020', '2020', 'QNB', 'Moto2™', 'Race', 'Lorenzo', 'DALLA', ' PO Italtrans Racing Team', 'ITA', '19', '16', ""2'01.526"", '26.507', '31.322', '29.600', '34.097', '281.2']"
485,"['March 08, 2020', '2020', 'QNB', 'Moto2™', 'Race', 'Lorenzo', 'DALLA', ' PO Italtrans Racing Team', 'ITA', '19', '17', ""2'01.707"", '26.581', '31.394', '29.683', '34.049', '281.2']"
486,"['March 08, 2020', '2020', 'QNB', 'Moto2™', 'Race', 'Lorenzo', 'DALLA', ' PO Italtrans Racing Team', 'ITA', '19', '18', ""2'02.445"", '26.577', '31.737', '29.836', '34.295', '280.5']"
487,"['March 08, 2020', '2020', 'QNB', 'Moto2™', 'Race', 'Lorenzo', 'DALLA', ' PO Italtrans Racing Team', 'ITA', '19', '19', ""2'03.332"", '26.804', '31.665', '30.267', '34.596', '279.7']"
488,"['March 08, 2020', '2020', 'QNB', 'Moto2™', 'Race', 'Lorenzo', 'DALLA', ' PO Italtrans Racing Team', 'ITA', '19', '20', ""2'04.587"", '27.250', '32.255', '30.291', '34.791', '279.7']"
489,"['March 08, 2020', '2020', 'QNB', 'Moto2™', 'Race', 'Somkiat', 'CHANTRA', ' IDEMITSU Honda Te', 'THA', '35', '1', ""2'47.057 P"", '31.437', '32.141', ""1'08.435"", '35.044', '194.5']"
490,"['March 08, 2020', '2020', 'QNB', 'Moto2™', 'Race', 'Somkiat', 'CHANTRA', ' IDEMITSU Honda Te', 'THA', '35', '2', ""2'05.949"", '30.734', '31.293', '29.852', '34.070*', '150.8']"
491,"['March 08, 2020', '2020', 'QNB', 'Moto2™', 'Race', 'Somkiat', 'CHANTRA', ' IDEMITSU Honda Te', 'THA', '35', '3', ""2'01.225"", '26.514', '31.349', '29.577', '33.785', '279.0']"
492,"['March 08, 2020', '2020', 'QNB', 'Moto2™', 'Race', 'Somkiat', 'CHANTRA', ' IDEMITSU Honda Te', 'THA', '35', '4', ""2'00.693"", '26.351', '30.967', '29.675', '33.700', '280.5']"
493,"['March 08, 2020', '2020', 'QNB', 'Moto2™', 'Race', 'Somkiat', 'CHANTRA', ' IDEMITSU Honda Te', 'THA', '35', '5', ""2'00.357"", '26.251', '30.923', '29.540', '33.643', '280.5']"
494,"['March 08, 2020', '2020', 'QNB', 'Moto2™', 'Race', 'Somkiat', 'CHANTRA', ' IDEMITSU Honda Te', 'THA', '35', '6', ""2'00.225"", '26.076', '30.993', '29.479', '33.677*', '280.5']"
495,"['March 08, 2020', '2020', 'QNB', 'Moto2™', 'Race', 'Somkiat', 'CHANTRA', ' IDEMITSU Honda Te', 'THA', '35', '7', ""2'00.460"", '26.207', '30.976', '29.566', '33.711', '280.5']"
496,"['March 08, 2020', '2020', 'QNB', 'Moto2™', 'Race', 'Somkiat', 'CHANTRA', ' IDEMITSU Honda Te', 'THA', '35', '8', ""2'00.793"", '26.210', '31.141', '29.706', '33.736', '279.7']"
497,"['March 08, 2020', '2020', 'QNB', 'Moto2™', 'Race', 'Somkiat', 'CHANTRA', ' IDEMITSU Honda Te', 'THA', '35', '9', ""2'00.337"", '26.176', '31.025', '29.518', '33.618', '280.5']"
498,"['March 08, 2020', '2020', 'QNB', 'Moto2™', 'Race', 'Somkiat', 'CHANTRA', ' IDEMITSU Honda Te', 'THA', '35', '10', ""2'00.725"", '26.223', '31.066', '29.668', '33.768', '280.5']"
499,"['March 08, 2020', '2020', 'QNB', 'Moto2™', 'Race', 'Somkiat', 'CHANTRA', ' IDEMITSU Honda Te', 'THA', '35', '11', ""2'00.618"", '26.178', '31.050', '29.679', '33.711', '279.7']"
500,"['March 08, 2020', '2020', 'QNB', 'Moto2™', 'Race', 'Somkiat', 'CHANTRA', ' IDEMITSU Honda Te', 'THA', '35', '12', ""2'00.696"", '26.324', '30.985', '29.626', '33.761*', '279.7']"
501,"['March 08, 2020', '2020', 'QNB', 'Moto2™', 'Race', 'Somkiat', 'CHANTRA', ' IDEMITSU Honda Te', 'THA', '35', '13', ""2'00.529"", '26.271', '31.018', '29.549', '33.691', '279.7']"
502,"['March 08, 2020', '2020', 'QNB', 'Moto2™', 'Race', 'Somkiat', 'CHANTRA', ' IDEMITSU Honda Te', 'THA', '35', '14', ""2'00.683"", '26.256', '31.133', '29.607', '33.687', '279.0']"
503,"['March 08, 2020', '2020', 'QNB', 'Moto2™', 'Race', 'Somkiat', 'CHANTRA', ' IDEMITSU Honda Te', 'THA', '35', '15', ""2'00.817"", '26.230', '31.044', '29.768', '33.775', '279.7']"
504,"['March 08, 2020', '2020', 'QNB', 'Moto2™', 'Race', 'Somkiat', 'CHANTRA', ' IDEMITSU Honda Te', 'THA', '35', '16', ""2'00.706"", '26.276', '31.180', '29.563', '33.687', '279.0']"
505,"['March 08, 2020', '2020', 'QNB', 'Moto2™', 'Race', 'Somkiat', 'CHANTRA', ' IDEMITSU Honda Te', 'THA', '35', '17', ""2'01.305"", '26.554', '31.182', '29.762', '33.807', '278.3']"
506,"['March 08, 2020', '2020', 'QNB', 'Moto2™', 'Race', 'Somkiat', 'CHANTRA', ' IDEMITSU Honda Te', 'THA', '35', '18', ""2'01.040"", '26.360', '31.149', '29.663', '33.868', '279.0']"
507,"['March 08, 2020', '2020', 'QNB', 'Moto2™', 'Race', 'Somkiat', 'CHANTRA', ' IDEMITSU Honda Te', 'THA', '35', '19', ""2'00.452"", '26.259', '30.964', '29.476', '33.753', '279.0']"
508,"['March 08, 2020', '2020', 'QNB', 'Moto2™', 'Race', 'Luca', 'MARINI', ' SKY Racing Team VR', 'ITA', '10', '1', ""2'03.793"", '29.737', '31.215', '29.404', '33.437', '174.7']"
509,"['March 08, 2020', '2020', 'QNB', 'Moto2™', 'Race', 'Luca', 'MARINI', ' SKY Racing Team VR', 'ITA', '10', '2', ""2'00.063"", '26.223', '30.915', '29.328', '33.597', '290.3']"
510,"['March 08, 2020', '2020', 'QNB', 'Moto2™', 'Race', 'Luca', 'MARINI', ' SKY Racing Team VR', 'ITA', '10', '3', ""1'59.843"", '26.228', '30.913', '29.204', '33.498', '285.7']"
511,"['March 08, 2020', '2020', 'QNB', 'Moto2™', 'Race', 'Luca', 'MARINI', ' SKY Racing Team VR', 'ITA', '10', '4', ""1'59.564"", '26.079', '30.848', '29.187', '33.450', '284.9']"
512,"['March 08, 2020', '2020', 'QNB', 'Moto2™', 'Race', 'Luca', 'MARINI', ' SKY Racing Team VR', 'ITA', '10', '5', ""1'59.631"", '26.090', '30.841', '29.229', '33.471', '285.7']"
513,"['March 08, 2020', '2020', 'QNB', 'Moto2™', 'Race', 'Luca', 'MARINI', ' SKY Racing Team VR', 'ITA', '10', '6', ""1'59.613"", '26.093', '30.812', '29.138', '33.570', '285.7']"
514,"['March 08, 2020', '2020', 'QNB', 'Moto2™', 'Race', 'Luca', 'MARINI', ' SKY Racing Team VR', 'ITA', '10', '7', ""1'59.651"", '26.132', '30.757', '29.300', '33.462', '288.0']"
515,"['March 08, 2020', '2020', 'QNB', 'Moto2™', 'Race', 'Luca', 'MARINI', ' SKY Racing Team VR', 'ITA', '10', '8', ""1'59.685"", '26.077', '30.773', '29.235', '33.600', '284.9']"
516,"['March 08, 2020', '2020', 'QNB', 'Moto2™', 'Race', 'Luca', 'MARINI', ' SKY Racing Team VR', 'ITA', '10', '9', ""1'59.549"", '26.036', '30.790', '29.203', '33.520', '286.4']"
517,"['March 08, 2020', '2020', 'QNB', 'Moto2™', 'Race', 'Luca', 'MARINI', ' SKY Racing Team VR', 'ITA', '10', '10', ""1'59.509"", '26.049', '30.837', '29.158', '33.465', '284.9']"
518,"['March 08, 2020', '2020', 'QNB', 'Moto2™', 'Race', 'Luca', 'MARINI', ' SKY Racing Team VR', 'ITA', '10', '11', ""1'59.816"", '26.079', '30.936', '29.298', '33.503', '285.7']"
519,"['March 08, 2020', '2020', 'QNB', 'Moto2™', 'Race', 'Luca', 'MARINI', ' SKY Racing Team VR', 'ITA', '10', '12', ""1'59.937"", '26.010', '31.005', '29.393', '33.529', '286.4']"
520,"['March 08, 2020', '2020', 'QNB', 'Moto2™', 'Race', 'Luca', 'MARINI', ' SKY Racing Team VR', 'ITA', '10', '13', ""1'59.869"", '26.046', '30.976', '29.213', '33.634', '286.4']"
521,"['March 08, 2020', '2020', 'QNB', 'Moto2™', 'Race', 'Luca', 'MARINI', ' SKY Racing Team VR', 'ITA', '10', '14', ""2'00.015"", '26.087', '31.025', '29.336', '33.567', '286.4']"
522,"['March 08, 2020', '2020', 'QNB', 'Moto2™', 'Race', 'Luca', 'MARINI', ' SKY Racing Team VR', 'ITA', '10', '15', ""2'00.816"", '26.092', '31.181', '29.491', '34.052', '285.7']"
523,"['March 08, 2020', '2020', 'QNB', 'Moto2™', 'Race', 'Luca', 'MARINI', ' SKY Racing Team VR', 'ITA', '10', '16', ""2'01.945"", '26.309', '31.827', '30.034', '33.775', '288.0']"
524,"['March 08, 2020', '2020', 'QNB', 'Moto2™', 'Race', 'Luca', 'MARINI', ' SKY Racing Team VR', 'ITA', '10', '17', ""2'02.149"", '26.307', '31.820', '30.048', '33.974', '289.5']"
525,"['March 08, 2020', '2020', 'QNB', 'Moto2™', 'Race', 'Luca', 'MARINI', ' SKY Racing Team VR', 'ITA', '10', '18', ""2'02.196"", '26.429', '31.725', '29.835', '34.207', '288.0']"
526,"['March 08, 2020', '2020', 'QNB', 'Moto2™', 'Race', 'Luca', 'MARINI', ' SKY Racing Team VR', 'ITA', '10', '19', ""2'02.505"", '26.484', '31.893', '30.054', '34.074', '288.0']"
527,"['March 08, 2020', '2020', 'QNB', 'Moto2™', 'Race', 'Luca', 'MARINI', ' SKY Racing Team VR', 'ITA', '10', 'dnf', 'unfinished', '26.636', '31.776', '30.106', None, '288.7']"
528,"['March 08, 2020', '2020', 'QNB', 'Moto2™', 'Race', 'Kasma', 'DANIEL', ' Onexox TKKR SAG T', 'MAL', '99', '1', ""2'09.689"", '32.937', '32.331', '30.124', '34.297', '203.7']"
529,"['March 08, 2020', '2020', 'QNB', 'Moto2™', 'Race', 'Kasma', 'DANIEL', ' Onexox TKKR SAG T', 'MAL', '99', '2', ""2'02.262"", '26.888', '31.703', '29.833', '33.838', '295.8']"
530,"['March 08, 2020', '2020', 'QNB', 'Moto2™', 'Race', 'Kasma', 'DANIEL', ' Onexox TKKR SAG T', 'MAL', '99', '3', ""2'01.242"", '26.570', '31.148', '29.596', '33.928', '291.1']"
531,"['March 08, 2020', '2020', 'QNB', 'Moto2™', 'Race', 'Kasma', 'DANIEL', ' Onexox TKKR SAG T', 'MAL', '99', '4', ""2'02.110"", '26.637', '31.344', '30.005', '34.124', '288.7']"
532,"['March 08, 2020', '2020', 'QNB', 'Moto2™', 'Race', 'Kasma', 'DANIEL', ' Onexox TKKR SAG T', 'MAL', '99', '5', ""2'01.439"", '26.595', '31.121', '29.843', '33.880', '287.2']"
533,"['March 08, 2020', '2020', 'QNB', 'Moto2™', 'Race', 'Kasma', 'DANIEL', ' Onexox TKKR SAG T', 'MAL', '99', '6', ""2'01.338"", '26.574', '31.304', '29.670', '33.790', '286.4']"
534,"['March 08, 2020', '2020', 'QNB', 'Moto2™', 'Race', 'Kasma', 'DANIEL', ' Onexox TKKR SAG T', 'MAL', '99', '7', ""2'01.631"", '26.662', '31.175', '29.773', '34.021', '287.2']"
535,"['March 08, 2020', '2020', 'QNB', 'Moto2™', 'Race', 'Kasma', 'DANIEL', ' Onexox TKKR SAG T', 'MAL', '99', '8', ""2'01.738"", '26.847', '31.411', '29.736', '33.744', '287.2']"
536,"['March 08, 2020', '2020', 'QNB', 'Moto2™', 'Race', 'Kasma', 'DANIEL', ' Onexox TKKR SAG T', 'MAL', '99', 'dnf', 'unfinished', '26.510', None, None, None, '289.5']"
537,"['March 08, 2020', '2020', 'QNB', 'Moto2™', 'Race', 'Augusto', 'FERNAND', ' EG 0,0 Marc VDS', 'SPA', '37', '1', ""2'06.802"", '31.254', '32.030', '29.820', '33.698', '183.0']"
538,"['March 08, 2020', '2020', 'QNB', 'Moto2™', 'Race', 'Augusto', 'FERNAND', ' EG 0,0 Marc VDS', 'SPA', '37', '2', ""2'00.981"", '26.377', '31.319', '29.506', '33.779', '293.4']"
539,"['March 08, 2020', '2020', 'QNB', 'Moto2™', 'Race', 'Augusto', 'FERNAND', ' EG 0,0 Marc VDS', 'SPA', '37', 'dnf', 'unfinished', '26.672', None, None, None, '291.1']"
540,"['March 08, 2020', '2020', 'QNB', 'Moto2™', 'Race', 'Marcos', 'RAMIREZ', ' American Racing', 'SPA', '42', '1', ""3'03.297"", '31.884', '32.155', ""1'25.011"", '34.247', '198.1']"
541,"['March 08, 2020', '2020', 'QNB', 'Moto2™', 'Race', 'Marcos', 'RAMIREZ', ' American Racing', 'SPA', '42', 'dnf', 'PIT', '26.559', '31.369', '29.735', '32.578', '279.7']"
